reader,title
阅读(9932),理工男打造帝都89平智能家庭
阅读(9932),理工男打造帝都89平智能家庭
阅读(779),MySQL · 引擎特性 · InnoDB Buffer Pool
阅读(4631),如何实现在Windows上运行Linux程序，附示例代码
阅读(1764),从性能角度看react组件拆分的重要性
阅读(779),MySQL · 引擎特性 · InnoDB Buffer Pool
阅读(4631),如何实现在Windows上运行Linux程序，附示例代码
阅读(9932),理工男打造帝都89平智能家庭
阅读(9931),理工男打造帝都89平智能家庭
阅读(9932),理工男打造帝都89平智能家庭
阅读(9055),变身超人程序员
阅读(3787),在微服务中使用领域事件
阅读(9931),理工男打造帝都89平智能家庭
阅读(1764),从性能角度看react组件拆分的重要性
阅读(9055),变身超人程序员
阅读(779),MySQL · 引擎特性 · InnoDB Buffer Pool
阅读(4631),如何实现在Windows上运行Linux程序，附示例代码
阅读(779),MySQL · 引擎特性 · InnoDB Buffer Pool
阅读(4631),如何实现在Windows上运行Linux程序，附示例代码
阅读(1764),从性能角度看react组件拆分的重要性
阅读(779),MySQL · 引擎特性 · InnoDB Buffer Pool
阅读(4631),如何实现在Windows上运行Linux程序，附示例代码
阅读(9931),理工男打造帝都89平智能家庭
阅读(6015),为了快一点为什么却要慢一点
阅读(15310),没有功能需求设计文档？对不起，拒绝开发！
阅读(7971),打破牢笼，展望更高层次的世界
阅读(9932),理工男打造帝都89平智能家庭
阅读(779),MySQL · 引擎特性 · InnoDB Buffer Pool
阅读(3787),在微服务中使用领域事件
阅读(6015),为了快一点为什么却要慢一点
阅读(15310),没有功能需求设计文档？对不起，拒绝开发！
阅读(1764),从性能角度看react组件拆分的重要性
阅读(9055),变身超人程序员
阅读(3787),在微服务中使用领域事件
阅读(9055),变身超人程序员
阅读(3787),在微服务中使用领域事件
阅读(1764),从性能角度看react组件拆分的重要性
阅读(9055),变身超人程序员
阅读(3787),在微服务中使用领域事件
阅读(9932),理工男打造帝都89平智能家庭
阅读(779),MySQL · 引擎特性 · InnoDB Buffer Pool
阅读(4631),如何实现在Windows上运行Linux程序，附示例代码
阅读(9932),理工男打造帝都89平智能家庭
阅读(2350),从SHAttered事件谈安全
阅读(9162),微信后台技术“干货们”带来的启发
阅读(779),MySQL · 引擎特性 · InnoDB Buffer Pool
阅读(4631),如何实现在Windows上运行Linux程序，附示例代码
阅读(9931),理工男打造帝都89平智能家庭
阅读(4631),如何实现在Windows上运行Linux程序，附示例代码
阅读(7971),打破牢笼，展望更高层次的世界
阅读(2350),从SHAttered事件谈安全
阅读(9932),理工男打造帝都89平智能家庭
阅读(9932),理工男打造帝都89平智能家庭
阅读(6015),为了快一点为什么却要慢一点
阅读(15310),没有功能需求设计文档？对不起，拒绝开发！
阅读(7971),打破牢笼，展望更高层次的世界
阅读(9931),理工男打造帝都89平智能家庭
阅读(6015),为了快一点为什么却要慢一点
阅读(15310),没有功能需求设计文档？对不起，拒绝开发！
阅读(9931),理工男打造帝都89平智能家庭
阅读(6015),为了快一点为什么却要慢一点
阅读(15310),没有功能需求设计文档？对不起，拒绝开发！
阅读(7971),打破牢笼，展望更高层次的世界
阅读(779),MySQL · 引擎特性 · InnoDB Buffer Pool
阅读(4631),如何实现在Windows上运行Linux程序，附示例代码
阅读(1764),从性能角度看react组件拆分的重要性
阅读(1764),从性能角度看react组件拆分的重要性
阅读(9055),变身超人程序员
阅读(779),MySQL · 引擎特性 · InnoDB Buffer Pool
阅读(4631),如何实现在Windows上运行Linux程序，附示例代码
阅读(1764),从性能角度看react组件拆分的重要性
阅读(4531),一个由进程内存布局异常引起的问题
阅读(10933),一次生产事故的优化经历
阅读(11565),奶爸程序员的“育儿”心得
阅读(1764),从性能角度看react组件拆分的重要性
阅读(9055),变身超人程序员
阅读(3787),在微服务中使用领域事件
阅读(779),MySQL · 引擎特性 · InnoDB Buffer Pool
阅读(1764),从性能角度看react组件拆分的重要性
阅读(9055),变身超人程序员
阅读(9162),微信后台技术“干货们”带来的启发
阅读(4531),一个由进程内存布局异常引起的问题
阅读(10933),一次生产事故的优化经历
阅读(779),MySQL · 引擎特性 · InnoDB Buffer Pool
阅读(4631),如何实现在Windows上运行Linux程序，附示例代码
阅读(1764),从性能角度看react组件拆分的重要性
阅读(779),MySQL · 引擎特性 · InnoDB Buffer Pool
阅读(4631),如何实现在Windows上运行Linux程序，附示例代码
阅读(2350),从SHAttered事件谈安全
阅读(9162),微信后台技术“干货们”带来的启发
阅读(779),MySQL · 引擎特性 · InnoDB Buffer Pool
阅读(4631),如何实现在Windows上运行Linux程序，附示例代码
阅读(1764),从性能角度看react组件拆分的重要性
阅读(7971),打破牢笼，展望更高层次的世界
阅读(2350),从SHAttered事件谈安全
阅读(9931),理工男打造帝都89平智能家庭
阅读(779),MySQL · 引擎特性 · InnoDB Buffer Pool
阅读(4631),如何实现在Windows上运行Linux程序，附示例代码
阅读(1764),从性能角度看react组件拆分的重要性
阅读(2350),从SHAttered事件谈安全
阅读(9162),微信后台技术“干货们”带来的启发
阅读(4531),一个由进程内存布局异常引起的问题
阅读(9055),变身超人程序员
阅读(3787),在微服务中使用领域事件
阅读(6015),为了快一点为什么却要慢一点
阅读(3787),在微服务中使用领域事件
阅读(6015),为了快一点为什么却要慢一点
阅读(9055),变身超人程序员
阅读(3787),在微服务中使用领域事件
阅读(6015),为了快一点为什么却要慢一点
阅读(9661),我的编程经历与我所热爱的游戏服务端开发
阅读(16601),从零到百亿互联网金融架构发展史
阅读(6015),为了快一点为什么却要慢一点
阅读(4631),如何实现在Windows上运行Linux程序，附示例代码
阅读(1764),从性能角度看react组件拆分的重要性
阅读(3787),在微服务中使用领域事件
阅读(6015),为了快一点为什么却要慢一点
阅读(15310),没有功能需求设计文档？对不起，拒绝开发！
阅读(11565),奶爸程序员的“育儿”心得
阅读(9661),我的编程经历与我所热爱的游戏服务端开发
阅读(16601),从零到百亿互联网金融架构发展史
阅读(9932),理工男打造帝都89平智能家庭
阅读(9932),理工男打造帝都89平智能家庭
阅读(9931),理工男打造帝都89平智能家庭
阅读(9055),变身超人程序员
阅读(3787),在微服务中使用领域事件
阅读(9932),理工男打造帝都89平智能家庭
阅读(1764),从性能角度看react组件拆分的重要性
阅读(9055),变身超人程序员
阅读(3787),在微服务中使用领域事件
阅读(6015),为了快一点为什么却要慢一点
阅读(4531),一个由进程内存布局异常引起的问题
阅读(10933),一次生产事故的优化经历
阅读(11565),奶爸程序员的“育儿”心得
阅读(9055),变身超人程序员
阅读(3787),在微服务中使用领域事件
阅读(9162),微信后台技术“干货们”带来的启发
阅读(4531),一个由进程内存布局异常引起的问题
阅读(779),MySQL · 引擎特性 · InnoDB Buffer Pool
阅读(4631),如何实现在Windows上运行Linux程序，附示例代码
阅读(1764),从性能角度看react组件拆分的重要性
阅读(9055),变身超人程序员
阅读(3787),在微服务中使用领域事件
阅读(6015),为了快一点为什么却要慢一点
阅读(10933),一次生产事故的优化经历
阅读(11565),奶爸程序员的“育儿”心得
阅读(15310),没有功能需求设计文档？对不起，拒绝开发！
阅读(7971),打破牢笼，展望更高层次的世界
阅读(2350),从SHAttered事件谈安全
阅读(15310),没有功能需求设计文档？对不起，拒绝开发！
阅读(7971),打破牢笼，展望更高层次的世界
阅读(15310),没有功能需求设计文档？对不起，拒绝开发！
阅读(7971),打破牢笼，展望更高层次的世界
阅读(7038),app开发：模拟服务器数据接口 - MockApi
阅读(7337),记录服务上线一年来的点点滴滴
阅读(15310),没有功能需求设计文档？对不起，拒绝开发！
阅读(7971),打破牢笼，展望更高层次的世界
阅读(9055),变身超人程序员
阅读(3787),在微服务中使用领域事件
阅读(6015),为了快一点为什么却要慢一点
阅读(7971),打破牢笼，展望更高层次的世界
阅读(2350),从SHAttered事件谈安全
阅读(9162),微信后台技术“干货们”带来的启发
阅读(7038),app开发：模拟服务器数据接口 - MockApi
阅读(7337),记录服务上线一年来的点点滴滴
阅读(9578),架构随聊
阅读(779),MySQL · 引擎特性 · InnoDB Buffer Pool
阅读(4631),如何实现在Windows上运行Linux程序，附示例代码
阅读(1764),从性能角度看react组件拆分的重要性
阅读(779),MySQL · 引擎特性 · InnoDB Buffer Pool
阅读(4631),如何实现在Windows上运行Linux程序，附示例代码
阅读(1764),从性能角度看react组件拆分的重要性
阅读(779),MySQL · 引擎特性 · InnoDB Buffer Pool
阅读(4631),如何实现在Windows上运行Linux程序，附示例代码
阅读(6015),为了快一点为什么却要慢一点
阅读(15310),没有功能需求设计文档？对不起，拒绝开发！
阅读(779),MySQL · 引擎特性 · InnoDB Buffer Pool
阅读(4631),如何实现在Windows上运行Linux程序，附示例代码
阅读(1764),从性能角度看react组件拆分的重要性
阅读(15310),没有功能需求设计文档？对不起，拒绝开发！
阅读(7971),打破牢笼，展望更高层次的世界
阅读(9661),我的编程经历与我所热爱的游戏服务端开发
阅读(16601),从零到百亿互联网金融架构发展史
阅读(7038),app开发：模拟服务器数据接口 - MockApi
阅读(6015),为了快一点为什么却要慢一点
阅读(15310),没有功能需求设计文档？对不起，拒绝开发！
阅读(10933),一次生产事故的优化经历
阅读(11565),奶爸程序员的“育儿”心得
阅读(9661),我的编程经历与我所热爱的游戏服务端开发
阅读(9055),变身超人程序员
阅读(3787),在微服务中使用领域事件
阅读(6015),为了快一点为什么却要慢一点
阅读(15310),没有功能需求设计文档？对不起，拒绝开发！
阅读(7971),打破牢笼，展望更高层次的世界
阅读(9661),我的编程经历与我所热爱的游戏服务端开发
阅读(16601),从零到百亿互联网金融架构发展史
阅读(9162),微信后台技术“干货们”带来的启发
阅读(4531),一个由进程内存布局异常引起的问题
阅读(10933),一次生产事故的优化经历
阅读(2350),从SHAttered事件谈安全
阅读(9162),微信后台技术“干货们”带来的启发
阅读(4531),一个由进程内存布局异常引起的问题
阅读(2350),从SHAttered事件谈安全
阅读(9162),微信后台技术“干货们”带来的启发
阅读(9578),架构随聊
阅读(7131),谈谈敏捷开发
阅读(2350),从SHAttered事件谈安全
阅读(9162),微信后台技术“干货们”带来的启发
阅读(15310),没有功能需求设计文档？对不起，拒绝开发！
阅读(7971),打破牢笼，展望更高层次的世界
阅读(4531),一个由进程内存布局异常引起的问题
阅读(10933),一次生产事故的优化经历
阅读(7131),谈谈敏捷开发
阅读(9055),变身超人程序员
阅读(3787),在微服务中使用领域事件
阅读(9055),变身超人程序员
阅读(3787),在微服务中使用领域事件
阅读(6015),为了快一点为什么却要慢一点
阅读(1764),从性能角度看react组件拆分的重要性
阅读(9055),变身超人程序员
阅读(3787),在微服务中使用领域事件
阅读(7971),打破牢笼，展望更高层次的世界
阅读(2350),从SHAttered事件谈安全
阅读(9162),微信后台技术“干货们”带来的启发
阅读(9055),变身超人程序员
阅读(3787),在微服务中使用领域事件
阅读(6015),为了快一点为什么却要慢一点
阅读(15310),没有功能需求设计文档？对不起，拒绝开发！
阅读(2350),从SHAttered事件谈安全
阅读(9162),微信后台技术“干货们”带来的启发
阅读(4531),一个由进程内存布局异常引起的问题
阅读(7337),记录服务上线一年来的点点滴滴
阅读(9578),架构随聊
阅读(7131),谈谈敏捷开发
阅读(7971),打破牢笼，展望更高层次的世界
阅读(2350),从SHAttered事件谈安全
阅读(16601),从零到百亿互联网金融架构发展史
阅读(7038),app开发：模拟服务器数据接口 - MockApi
阅读(15310),没有功能需求设计文档？对不起，拒绝开发！
阅读(7971),打破牢笼，展望更高层次的世界
阅读(2350),从SHAttered事件谈安全
阅读(2350),从SHAttered事件谈安全
阅读(9162),微信后台技术“干货们”带来的启发
阅读(4531),一个由进程内存布局异常引起的问题
阅读(7038),app开发：模拟服务器数据接口 - MockApi
阅读(11565),奶爸程序员的“育儿”心得
阅读(9661),我的编程经历与我所热爱的游戏服务端开发
阅读(16601),从零到百亿互联网金融架构发展史
阅读(10933),一次生产事故的优化经历
阅读(11565),奶爸程序员的“育儿”心得
阅读(9661),我的编程经历与我所热爱的游戏服务端开发
阅读(4531),一个由进程内存布局异常引起的问题
阅读(10933),一次生产事故的优化经历
阅读(4531),一个由进程内存布局异常引起的问题
阅读(10933),一次生产事故的优化经历
阅读(11565),奶爸程序员的“育儿”心得
阅读(2350),从SHAttered事件谈安全
阅读(9162),微信后台技术“干货们”带来的启发
阅读(11565),奶爸程序员的“育儿”心得
阅读(9661),我的编程经历与我所热爱的游戏服务端开发
阅读(16601),从零到百亿互联网金融架构发展史
阅读(6015),为了快一点为什么却要慢一点
阅读(15310),没有功能需求设计文档？对不起，拒绝开发！
阅读(15310),没有功能需求设计文档？对不起，拒绝开发！
阅读(7971),打破牢笼，展望更高层次的世界
阅读(6015),为了快一点为什么却要慢一点
阅读(15310),没有功能需求设计文档？对不起，拒绝开发！
阅读(7971),打破牢笼，展望更高层次的世界
阅读(4531),一个由进程内存布局异常引起的问题
阅读(10933),一次生产事故的优化经历
阅读(11565),奶爸程序员的“育儿”心得
阅读(7971),打破牢笼，展望更高层次的世界
阅读(2350),从SHAttered事件谈安全
阅读(10933),一次生产事故的优化经历
阅读(11565),奶爸程序员的“育儿”心得
阅读(9661),我的编程经历与我所热爱的游戏服务端开发
阅读(9162),微信后台技术“干货们”带来的启发
阅读(4531),一个由进程内存布局异常引起的问题
阅读(10933),一次生产事故的优化经历
阅读(7337),记录服务上线一年来的点点滴滴
阅读(9578),架构随聊
阅读(7131),谈谈敏捷开发
阅读(9162),微信后台技术“干货们”带来的启发
阅读(4531),一个由进程内存布局异常引起的问题
阅读(10933),一次生产事故的优化经历
阅读(10933),一次生产事故的优化经历
阅读(11565),奶爸程序员的“育儿”心得
阅读(9661),我的编程经历与我所热爱的游戏服务端开发
阅读(7337),记录服务上线一年来的点点滴滴
阅读(9578),架构随聊
阅读(7131),谈谈敏捷开发
阅读(7038),app开发：模拟服务器数据接口 - MockApi
阅读(7337),记录服务上线一年来的点点滴滴
阅读(9578),架构随聊
阅读(16601),从零到百亿互联网金融架构发展史
阅读(7038),app开发：模拟服务器数据接口 - MockApi
阅读(11565),奶爸程序员的“育儿”心得
阅读(9661),我的编程经历与我所热爱的游戏服务端开发
阅读(16601),从零到百亿互联网金融架构发展史
阅读(9661),我的编程经历与我所热爱的游戏服务端开发
阅读(16601),从零到百亿互联网金融架构发展史
阅读(7038),app开发：模拟服务器数据接口 - MockApi
阅读(4531),一个由进程内存布局异常引起的问题
阅读(10933),一次生产事故的优化经历
阅读(11565),奶爸程序员的“育儿”心得
阅读(7038),app开发：模拟服务器数据接口 - MockApi
阅读(7337),记录服务上线一年来的点点滴滴
阅读(7971),打破牢笼，展望更高层次的世界
阅读(2350),从SHAttered事件谈安全
阅读(9162),微信后台技术“干货们”带来的启发
阅读(2350),从SHAttered事件谈安全
阅读(9162),微信后台技术“干货们”带来的启发
阅读(4531),一个由进程内存布局异常引起的问题
阅读(2350),从SHAttered事件谈安全
阅读(9162),微信后台技术“干货们”带来的启发
阅读(4531),一个由进程内存布局异常引起的问题
阅读(9661),我的编程经历与我所热爱的游戏服务端开发
阅读(16601),从零到百亿互联网金融架构发展史
阅读(7038),app开发：模拟服务器数据接口 - MockApi
阅读(9162),微信后台技术“干货们”带来的启发
阅读(4531),一个由进程内存布局异常引起的问题
阅读(10933),一次生产事故的优化经历
阅读(16601),从零到百亿互联网金融架构发展史
阅读(7038),app开发：模拟服务器数据接口 - MockApi
阅读(11565),奶爸程序员的“育儿”心得
阅读(9661),我的编程经历与我所热爱的游戏服务端开发
阅读(11565),奶爸程序员的“育儿”心得
阅读(9661),我的编程经历与我所热爱的游戏服务端开发
阅读(16601),从零到百亿互联网金融架构发展史
阅读(16601),从零到百亿互联网金融架构发展史
阅读(7038),app开发：模拟服务器数据接口 - MockApi
阅读(7337),记录服务上线一年来的点点滴滴
阅读(7131),谈谈敏捷开发
阅读(7337),记录服务上线一年来的点点滴滴
阅读(9578),架构随聊
阅读(7131),谈谈敏捷开发
阅读(7038),app开发：模拟服务器数据接口 - MockApi
阅读(7337),记录服务上线一年来的点点滴滴
阅读(7337),记录服务上线一年来的点点滴滴
阅读(9661),我的编程经历与我所热爱的游戏服务端开发
阅读(16601),从零到百亿互联网金融架构发展史
阅读(9578),架构随聊
阅读(7131),谈谈敏捷开发
阅读(4531),一个由进程内存布局异常引起的问题
阅读(10933),一次生产事故的优化经历
阅读(11565),奶爸程序员的“育儿”心得
阅读(10933),一次生产事故的优化经历
阅读(11565),奶爸程序员的“育儿”心得
阅读(10933),一次生产事故的优化经历
阅读(11565),奶爸程序员的“育儿”心得
阅读(7337),记录服务上线一年来的点点滴滴
阅读(9578),架构随聊
阅读(11565),奶爸程序员的“育儿”心得
阅读(9661),我的编程经历与我所热爱的游戏服务端开发
阅读(16601),从零到百亿互联网金融架构发展史
阅读(7337),记录服务上线一年来的点点滴滴
阅读(9578),架构随聊
阅读(7131),谈谈敏捷开发
阅读(16601),从零到百亿互联网金融架构发展史
阅读(7038),app开发：模拟服务器数据接口 - MockApi
阅读(7038),app开发：模拟服务器数据接口 - MockApi
阅读(7337),记录服务上线一年来的点点滴滴
阅读(9578),架构随聊
阅读(7131),谈谈敏捷开发
阅读(9578),架构随聊
阅读(7131),谈谈敏捷开发
阅读(9578),架构随聊
阅读(7131),谈谈敏捷开发
阅读(7038),app开发：模拟服务器数据接口 - MockApi
阅读(9661),我的编程经历与我所热爱的游戏服务端开发
阅读(16601),从零到百亿互联网金融架构发展史
阅读(7038),app开发：模拟服务器数据接口 - MockApi
阅读(9661),我的编程经历与我所热爱的游戏服务端开发
阅读(16601),从零到百亿互联网金融架构发展史
阅读(9661),我的编程经历与我所热爱的游戏服务端开发
阅读(16601),从零到百亿互联网金融架构发展史
阅读(7038),app开发：模拟服务器数据接口 - MockApi
阅读(7131),谈谈敏捷开发
阅读(7038),app开发：模拟服务器数据接口 - MockApi
阅读(7337),记录服务上线一年来的点点滴滴
阅读(9578),架构随聊
阅读(7337),记录服务上线一年来的点点滴滴
阅读(9578),架构随聊
阅读(9578),架构随聊
阅读(7131),谈谈敏捷开发
阅读(7337),记录服务上线一年来的点点滴滴
阅读(9578),架构随聊
阅读(7337),记录服务上线一年来的点点滴滴
阅读(9578),架构随聊
阅读(7038),app开发：模拟服务器数据接口 - MockApi
阅读(7337),记录服务上线一年来的点点滴滴
阅读(9578),架构随聊
阅读(7131),谈谈敏捷开发
阅读(7131),谈谈敏捷开发
阅读(7131),谈谈敏捷开发
阅读(7131),谈谈敏捷开发
阅读(7131),谈谈敏捷开发
阅读(7337),记录服务上线一年来的点点滴滴
阅读(9578),架构随聊
阅读(7131),谈谈敏捷开发
