comment,star,people,useful_num,no_help_num,comment_page_url,title,people_url
"
        ѣ𣬺Х̨磬ɽϮ2012ȵȵƬŵӰЧĽʱڵӰԺըڣҲ˺ܶ߻ƣƣ͡ⲿӰͬһһź˵ȫݣԤƬÿƽ١һıʵ¼ĵӰǰʱ䡶ͬĻ򡣡ͬǸʵ¼ıࡣȤĻƵȥӰƬ۸Сʵ¼2010īˮƽƽ̨ը©¹ʡ11ɥƬɱνŶӴ죬Ч϶ӲǳϵǣⲿӰûȫΪѵȥչʾžžըЧ˾ⲿӰʵĵط㣺ݵṹ+Ҷƽ̨֪ʶϵδ֪໥ģ̽;ĳװú豸һ˶ʣԺȥǵĹԭӰƬ˺ܶĽͲַȥߴο̽;ھÿ֮šڳ֮ǰ̵棬ȫû˾ĺ룬ùѧϰ룬ùںƽ̨126һܱǰƽžһζεչڿԽԽţǮĸ£Ǵȵ֮ţħ㱻ų֮ȴһʰըӰƬһЩȫĴbossǣһֻ۱һֻӹܶİȫ⣬ֱͣΪȫǣһ򵥵Ļ˵ʱ̽;ƽ̨״һڿзеķɻɻװŲȫ½͡ӰƬĽһһЧǡôüƭԵĶ˾Ҫըˡȵըٵʱ̣ڵҡ˺ܾõĿִ򿪣һɳ졣ˬԼӰƬβҲ൱ˣݰѸҴͳͳھƵžۣȥҲͬʱھƵ꣬ƵԼȥˣֶԱȸ֪Ŀɹϧǰˡβ˺ܶ൱ʱѵʵĻ棬ų¼ɥ11Ƭ겻ѣԸ̫ƽ粻ҪݡͿ̽ƽ̨ϸ˼ּĹ̺¹ʽӰƬģʵеĹ̲һϺӢʯ͹˾Ӷƽ̨ŶӣӢʯ͹˾ҪϺǮ׬ʲô취ǿڵȥǹԺܶԳİȫӶΪ©ͱը¼ƽӦǵ7УǱʽͿ̽ƽ̨ƽ߿̽ƽ̨Ϊװʱڵһ㣬磬ɵһαը֮ͨȫʩס30롭ֻ30롣ڶαըֱӰƽ̨ըˡҲ˸ִʩ̫ȫʧܡαըΪй©ʯͻӷ壬ͷĦը˱ըһξͿҪˣ졣ƽ̨ˡºӰ졪ժάٿƣī©¹ʷ©¹ʸΧˮܵȾֲ࣬࣬ﶼܵصӰ죬综ȡ·˹ݡݺͰݵҵ״̬ܷߣͳ°¹ʵı֡йԱָīذг300ֻΪ[4]ͳ°ʾī©͵Ӱͬ911ֲϮ[5]11·ݵĵ鱨ָ6,104ֻ࣬609ֻ꣬100ֻڵĲ鶯ֿܰȻԭĶ©Ͷݶ϶дʱ[6]ʵ¼ժάٿƣӢʯ͹˾һ4¥ߵľ֡͡ϣܽ1500׵ĺף©͵ĵطסԭͱڽȻٳغϽӦ֣ˮ̫ͣڲۻ˴ı;޷ƻʧܡӢʯ͹˾Ҫһ200Ļ¹ʡͬ7£Ǽ̨ʹţA Whaleִī壬ڲԳɹͶ뺣ˮҵ[7]Чѣ˳ҵ[8]©ͺڣˮиŨȼ鱻ٷֳȼ𣬼Ѹٵػعֵ[9]201211£Ӣʯ͹˾ɺͽ⣬12.56Ԫ·ṩ23.94Ԫ֧Ұڻж3.5ԪṩҿѧԺδ֤֧5.25Ԫ[10] 2015106գ˾Ӣʯͽ208Ԫͽ⣬׽˴©¹󳥡ÿмٸط󳥣ˮȻԴ⳥ݡ208Ԫĺͽˢ˾ʷĵһͽ[11]
      ",推荐,大聪简片室,有用 243,没用 13,https://movie.douban.com/review/8120778/,年度小黑马，灾难片泛滥的今天能拍得这么带感实属难得。,https://www.douban.com/people/1402913/
"
        1. ӰƬƬϵˡֶ񲢸ϣӰƬ￴һһӰǵĻϡֶϵʶһԱJack Nicholsonϵǣϣˡֶ䵱ӰƬǸһӰǣϲDylan O Brien䵱ǸӰǡ2. ΪӰƬе;Deepwater Horizon, ·˹ݵĲ÷أҲӰƬҪأһʵ;;Ϊ̨岼ߡ3. Kate HudsonҲӰƬеFeliciaInstagramϷһź̸Kurt RussellƬӰƬеJimmy˵һ̸кĵӰ4. ӰƬݺξĽɫ(Graham McGinnis)ʵͬһ°¶վֱԮӾߡ5. ӰƬڶ׶Ӱӳʽùһһơ6. ǵڶˡֶ뵼Peter BergĵӰһĵӰLone Survivor(2013)Ҳһʵ¸ıĵӰ7. ӰƬΪ201587ա8. ײֶװ²(Maze RunnerƶԹ)ĵӰ9. ī;Աܾƽ;й¶¼ıɵӰΪǾǶߵĲءMike Williams-ƽ;й¶¼Ҵߣһְ֧¼ıɵӰΪúбҪñ֪Ա;й¶¼е׾ʲôҵӰĿҲӰƬܵʵ10. ӰƬտͷһʵе¼ȡѷѶ11. ӰŮ绰ƽ;ʱ绰ͷ˵п죬˴;ʵȷʵƽ;й¶¼У³ͻȻ󲿷ɢֹ˱ȴ75-100׸ߵ;12. ӰƬıʷص;й¶¹ʣƽߡը¹ʷڣÿԼ21صԭī塣
      ",推荐,LZS,有用 107,没用 7,https://movie.douban.com/review/8122424/,你不知道的《深海浩劫》,https://www.douban.com/people/114156558/
"
        ΪʲôǣΪĸܡҽ£Ҳһʯ͹ˣԺϡӰƬʼ˼ǵļͥӲʵڸǣǾͨˣǵߣҳ̣Զ޲õĹӣԶ޲õĳӣ̫ࡣÿηǶ˲ᣬ˼ͥ˺ӡ˵ôԼĹ󲿷˶֪ʯʲôʽڵ£Ը˵רҵԺǿҵ̫ѡ˹ͺܴޣ׾٣Сŷɻȥϰ࣬Ÿߴϣʵֻһͨ߶ѣ͹ûʲôײ񣬻һĿʼ˵鲢ƽ̨ͬ½Ӱ࣬˳ҳţƣڼȤ£Ե÷ḻʡӡȽһ깤˵Լҵĸѧȫѧ𣬹ڲ඼ȫǴѧ¹ԭ¹ʾĻϸ洦ıȽ𺳣ۡҶԣǸܵĴڣʲôĿ϶еƬ档Щɣֻ˼˶ѣ㲻ƬҪǺȾҸо˵Ӧöڰ칫ҵĹүܽӳһѾøлˣ֪ЩνĹүһΣʱܲӳ졣ⲿӰŸĸһ𿴵ģұҵĹĶôɣϰ赭дһ仰ֻһȫ¹ʰˣҺܺģǲûʶⲿӰ⡣¹ʣˣǲҹʲôӡϣҲ2дıȽң뿴ͿɣҲν
      ",力荐,捕鱼。,有用 18,没用 2,https://movie.douban.com/review/8184432/,聊聊我所知道的,https://www.douban.com/people/139412425/
,力荐,Ditch,有用 104,没用 5,https://movie.douban.com/review/8199500/,关于电影的一些情节解释,https://www.douban.com/people/141435602/
"
        ׷ӰAPPܿý峡֮дġӰƽ١ڱٰýӳȻͿԲµӰҪںͽ֣ڹӰб𺳵ȫ̶Ϣ񣬽Ļ档ΪһƬԣǳɹġӰȡʵ¼ǰī©¼2010420գī壬ΪˮƽߡİǱʽʯ꾮ƽ̨ϣ126Աճҵǿɵ׶;δ깤ϺԤ㳬֧޴̨Ӣʯ͹˾͸;ʩ͡ǰӰȫ棬ϣ˾Ϲ9ʱ45ң˾硢ըʹ11ѡ꾮ƽ̨ȼ36Сʱûʯй©Ϊʷص©¼Ҳ̬ѡʱͳ°ʾһӰ첻911¼ȫΪ֮𾪣ý۽صڴԭй©Ըɵ̬ƻȴֻýעڱ¹ѵ11ͨˡݱ˵áǳĿǣⲿȫʵĵӰݱ˵áִУǿⲿӰҪʵΪˣһݷ11λߵļ̸䣬ܵʧȥֿʹͬʱܵҪԵڽܲɷʱ˵ܹңΪ߼ʱҿԳʵظǣֻʵذѵľϴĻù˽Щ˵ڡͬΪʵݾܾʹõЧһˮд11ʵһ͵ʯ꾮ƽ̨꾮ƽ̨ϲĻŤװڲеĿڣһñ档ҲǸƬԤߴ1ԪҪôΪؽ꾮ƽ̨ԱĻԱܹͶУÿڶܵ꾮ƽ̨Ĺ˵áҲԼųʹõЧӰд硢ըĳ ЧɵġʵȻڹȻݱΪһҹ12Сʱڷľ޴Ѿ㹻ϷԣǵӰǰ˾ЩģҪﶼˮ߰߸ΪǵˡֶڵӰһʦȴǰεľǴελãֻںľУչʾԼǹ⻷꾮ƽ̨ʯ͹˾˫ִĹؼУķֻ˶ãλԱءԼάԣݼˡ֮⣬ƽֱľţһо֮ڡǰԣһû֪ҪڵĵӰӰеĸ߳ȫؼͻ棬Ǿϡ˵ΪһƬǳɹģΪһͼ¼˼һѵĵӰЩġǳԵǣӰûйī¹ʷ֮׷̡̬⣬ߵĽǶȶԣҲչʾñȽٵġӰҴܵ߼ʣҴ뿪ȻĻ֣11λߵƬһһչʾڴĻϡȻһж뵼뷨һµģֻǵչʾһѵȫԼУÿӢӰһûһƬԣһҲû˼ʶ̬ϹֵİθߡвֹڻԵӰеʯ꾮ƽ̨ɻ󣬵ӰͨǵŮǳؽһ㣺׵ʯǰĿϼѹγɵģǾһޣʼѰҳڡʯ꾮ƽ̨Ǹڣͨ豸סͷޣ޼ɵӿ꾮ƽ̨ʩ֮ʯ͹˾Żǰͺ䡣˵һҡιĿ֣϶˲һܵͨʹʱܷ⡣ӰĹؼһ豸ΪϸʧЧˣӿľͲǿˣཬʯԭ͡ԼͷѹĴޡ
      ",还行,余小岛,有用 9,没用 0,https://movie.douban.com/review/8175232/,深海浩劫：一部纪实风格的灾难电影,https://www.douban.com/people/missixyujun/
,力荐,JoiceW,有用 17,没用 0,https://movie.douban.com/review/8190578/,一部好具有普及意义的石油钻井纪录片,https://www.douban.com/people/146805656/
"
        һֱⲿӰ㲻ףǽ꾮ƽ̨¹ʵƬȴһƽ١꡶׳ǡһ֪ĻΪǽˮµĹ¡ʵӰƬDeepwater Horizonƽߣ꾮ƽ̨֣Ҳ޿ɺǡҪ²һ£ѵӰڵصʵ̫ã֮ǰΣʱ١ĩձ籩֮ģȥɽկƬһ֮£ƽ١õˡԹƬһ㣬Ӱܺáʵ¼ı࣬2010420շըû11ɥһī弸͸ǣ Ӣʯ͹˾ʧ300Ԫⲿƽ١ľι¡ʵORףڱƬıʵ¼ھ籾̶ȻҪɲ١ŵʱ¼չ·ߣһЩͥؼ󻬣ǵ͵ҵƬ·ߡƬľһʽӰֻӢ۴ֵһûѣƬʷǰ޶˱Ƭģ˵Ҳʲôɳ߷߱ڵĴ֮Ŀڳ֣Ӣ͡һȡ󷨲̫ѵӰǻʵ¼ѵӰԭѵӰ֮䲻ͬĵطǿ˵ĳĳƬף硶Σʱ١Լƽ١ײմߵģΪ׻ѭ浸صĹ£ҲԴʵĹ¡ƬҲһѹ֮ΪڵӰעӰȱҪ鵽·Ȼƽ١ĹӰʵ˾Ķǣһϱ˵áı־Եַ˴óȾĹͱ˵áһܻʵ¼ĵݣСӰʵ¼ı࣬¶Ҵߡƽ١δıɱըġաޡָ˹Ӱءļ¼ƬʽַλݵķҵӰģʽǣȾ֮ǰǲ¶Ҵߡˣڶ֪һСֻˡ߶ڹӰȻĶǡ˵áַùںͽɫ̻Լ¼̵棬üӰַθڣ¼աƽ١ҲһӰ˰СʱʱԼΣ̵档ұѳ֮ӾӰÿĵطѹԵǰϦι£ԼСʱʱ䡣ûƽΣȾļΪģüζΪ٣תͷǱǰѹУЧЧͻ˶סŵϢ֮ͬʱӰôĻչʾ꾮ƽ̨˶һ棬ƺо޹ǿɽѹաը֮ôչֳĺ۳棬ֲͬӰĶԱɺг꾮ƽ̨һһʱȻͬ棬һֻޣ³ŵĻ棡ݵַ͵ӰļֶΪʵ¼ıĹ¸һݽϢԵÿšϷƽ١ԳƵһƬûֻ֣˻Լάݵʯ͹˾߹٣ϲѹĻϺ԰ȫڵȵȡΪ¼ƷƬҲȽࡷרע֮˷ǣƬ﷽沢޹ī˼ǣȽͻһͷǶǼ˵졣ǵá´͡ĩաУ¼չа޶Ľɫ硶ĩաں븸׶Ի̩ܽաʹ˹һһǣ˵ģҲΪӰһ˿ɫʡƽ١ͬˣǺ㼼ɵĳѡұƬ˻ԭʵ¼⣬ҲѭϷ򣬽ˡ߶ǣϵӢķŴǿ֮ʡҲĳ档Ա𿴡ƽ١ĹԴʵ¼ʵϱƬһ͵ĺ빤ҵƷڽţӢ壬һ̵Բ֡ӰĹ¾˳ˮ۵ķչ£Ҫעľ޵ʱȥԭһ¼չḶ́Ӱ̵滹Թ˵һλܻյҵݣѹʵᡤ˹أһӰҵ͸ţˡߵġΣʱ١ҿҵʵ¼ѵӰ硶ƽ١ᡤ˹صĻЧֻأPS;ﲻη緢ǶһҪ˽˵Ŀģ㵽PSSΪӰķأ·˹ݣӰǰչʾİ鷨ص֮µʪأǳȻʵǣʯͿɣ޵ش֧飬īĺˮ룬ڲԶĽｫڡ
      ",推荐,乌鸦火堂,有用 33,没用 3,https://movie.douban.com/review/8176502/,水深火热！带你领略好莱坞电影工业手法的精华,https://www.douban.com/people/dreamfox/
"
        ˵һʯ͹ʦҿӰȦݣֻ࣬дӰʽݲ࣬ӭָƽ١ⲿӰͲͨƬûһıҲῴԵҿйһǲ˵˱ըЧ඼ۻƵĲͣл֮ûйǣǿʱ˿о⡣ȷʵûлԼʱ᲻з֮ʹġȥ鱾Ҳò˵˺ܴ󹦷ģȻЩ©˿ӰܶദϸڵĿֿ̻̻ʵʵ˸е־塣˵Ӱд󲿷ǰڱûпĻBPTransoceanĹǴںܶġǵøְʱ򣬰ǽΣվϻҪܿΣõķǰؽƽ̨ϸʽǱ̽̽ȼ̽ͷãټϸضϣ̶ܴϾܰΣտסҾͲ˵̫ˣ֮ҷģڵƽ̨ϹԶϸ񣬴ҹҲ̫ɢPMʱĻٺܶ豸𻵣ʱҲἰʱάޣٲûỻ£ӰǹϣĶضϵ豸ǻġ
      ",力荐,轻飏,有用 89,没用 28,https://movie.douban.com/review/8178119/,深海浩劫注定会成为一个教科书式的电影,https://www.douban.com/people/79259545/
"
        
      ",还行,影君子和说书人,有用 129,没用 86,https://movie.douban.com/review/8173933/,《深海浩劫》到底死多少才能算作灾难片？,https://www.douban.com/people/rocchow/
"
        1ǰȫܣֻǵӹʦƽ̨Ϥ豸ޱƬûвκΰȫֱصش;ߡҲûСһƱȨ2˵պװͣǴ취ϣԡ˼ǡȫϱܸոչֵָҪи㡣˼ƽ̨״⣬˵ϴʩӦࡣBPԱ˼Ѿùˡ3ƬȻBPԱΪǣǿƽȡʵ˼򵥡ȫϺͽԶһìܣ˳κҵκβҪѡȡʵı߽磬޶ȵİȫûɻġȷϰΣգԱһķƬ˫̺Ͱȫʶܷ⣬ֻжзѡƬβBPԱĹʧָأ5ȫҲ֤ʵ˴˵㡣4ΪBPϺŹӶƽ̨BPӶƽ̨ƽ̨ûϽȡ߼ҪΪʲôBPҪ߽ȣ⡰˭Ǻ˭ǻˡBPǿ̽ѡ㡢ơƽֻ̨õʩִнȡߴٽȵȻǺġȻû̾ˮǸ󣬵ⲻ¹ʵԭʵϣ֮ԣֻ˫ԲԽжϴˡΪûԣǾû5ҪҳһȫܡBPԱݣ൱ƽ̨ļ6ͷĦ˵αը˵Ȼûһ㹤ƳʶӦͨͨܵȣ뷢뷢ȼңĿ𷢶ըʲôͷĦƬкܳļͷܵȡˮ¶Ⱥѹ׷ĸ׸ۡȼڲĻ˶ձըǳϸ¡ҲʯרҵҲûǸѹԣǴӦڶо޴ѹ1400ཬûðѹ󱨣һѹߵĲԣѹΪ0ж󱨡Ƿĳȡཬ֮ԭཬѹʯϸƬеڣ̵վ˫ͬģҲƽ̨ԱԼģBPƤûжʲôֻ˫жϴˣǸѹʵѹBPΨһĴǣཬ֮󣬹ͣ˱ã1400ѹȻڣһ̣BPȻΪ󱨡ע⣺һ̣ѾððཬðʯͣʵѾɣ졣һ̣˭Ĺȷʵ޹غʵֻǵBPѣǵݵĸѡΪʲôᷢ˶ѹأþֳˣΪƽ̨ࣨ390豸1400Ķпĳǰ̵Ե豸ڡ
      ",推荐,装泥,有用 9,没用 1,https://movie.douban.com/review/8309762/,“BP赶进度”是背锅侠，真正原因不是没做测试而是管理不善,https://www.douban.com/people/37878102/
,力荐,请回答2016,有用 6,没用 0,https://movie.douban.com/review/8184135/,还海洋一份安全，给人类一条生路。,https://www.douban.com/people/pinky2016/
"
        Ϊʯ˸˵ӰƱһֱûʱȥһͻȻ𣬲»û¼ܣС˼Ų˷ѵ˼ȥҹͷǺܰһڣʧߵȻ˯⣬ֻ˼δϢ֮˯ſɰŮһ޿ģʯͿɵḶ́˵ʵʱģΪһʯȦ˰ˣδʯͺͿֿơſŮĿǲزסİ⣬ʱͶ˲ҲǺõģȻͻȻӿƺڰʾżһС׼ǻʱͬҪȥƽߵͬ£ɫ̼ŵ񾭣ٳĵӰҪ̵治˵ʱĻедڡ˼֮ͬժͬȻҲˣȫǰЩҪСƽ̨ĹҲ̫˳أ;һֻײֱ˯Ҳһ¡оգ˳ִƽ̨һƺƽʱûʲôʯ͹ѾʼƻһļҪôȻ˱仯ܼࣨԭ̫ǲסˣǸʯ;Ҳֵܹ֧Ĵ壩ʼΪʲôҪ˹ױлĹ̾Ա̫̫ţҲǾܵѹɱ֮ûйֱ̾ӸˡⳡѵĴҲǾʹ˿ʼԼܼΪĹǿʼҪѹԣƬһΪԭҼǲס֣BPѣǸСͷʹ˵ѹ˸ѹԣҲԽʾ£BP廹ƾԼ߼ڲţ飬쵼ĻʱѾΪһ˼άԣ쵼ԶǶԵģ쵼ûëⳡ֮Щٺʯ͹ǻԡ쵼һȫµ⡣ƽһһʱͷлǧµĺףھѹƽ޴ĵײѹԭӿƽ̨ϵԴŽǸԸŸѹԵ쳣ֻǸbugѹָ뿪ʼ˵ѹ԰гˣʱȻûвȡκδʩܼѾȥϴ׼ϢҲʼƵóöݵʱƺŮӹ֮ϲӡʱľڣѾԭ©ḻ꾮СʶմһЩϸȻСֿʼˣ꾭Ǹ֮סûüȡжӿ֪Ƿܽ룬ֻһ˲޴ӿΧĹ˶ˡ룬꾮Сɿš˷ţһعƽֻǸʼ֮󣬾޴ѹ˷ţεӿҡҲ쳣ŮԱͼ½ȡϵȽģ˳ңҼ£Ǻܿ챻ԱߵֹͬȻһοԽ¹ʣϾҪϹڡһֻ˵ĺɽ䣬Ϊ˾ĴײڵһϢʱ˲δѵĵ缼ܼ壬ǵšڣŵӷһźƹһ¡ʱļܼ࣬ϴ衣ʶأѸٳ뱣û߳ͱˣҲֹۣûü·ˡˣ˯ߵøɸɾѷϢڸأ˵ƽ٣ʸоôֻĸ֣Уһ޵ı顣صӰʱѾԱʼ룬ƺӰеڣǾãⳡֱʯͰšѹžʹͬ͵ȫ֮󣬾۷ȥȼܼ࣬ʱܼҲˣΪû·˵øأ̫ѪûҿܿԱ̳ˣǲʱźŮԱƽ̨ϣѾԶƺΨһ·ҲжˡʱȥŮԱܾŮӦɡʱȥлȥĻᣬǴŹ⻷ôԼܵſʼŮԱ˼빤ȻӲ㼸仰ܶҡģεİȥԼҲ˺Ľ֣źӶˣȻأ˻ǼżӺŮһʱٸнԱӴӴ뿪ʯȦīΪ˴¼˴ȾʱƣһսعƽҲźԴֻδ·ϣǻΪ䣬һݶȻδ֪ľηȥ֮׵ԴˣӰƬʯ˵Ĳףͼ۵ԵĽ죬ϣʯҵնȹӭӴ졣
      ",推荐,美人兮见之不忘,有用 4,没用 1,https://movie.douban.com/review/8200279/,石油人看完会有种当头棒喝的感觉,https://www.douban.com/people/mrxjzbw/
,推荐,误痴夏日,有用 3,没用 0,https://movie.douban.com/review/8185161/,第一次写影评,https://www.douban.com/people/53389321/
"
        ɵķɵķףҲɡ ƽ١ǽ°̶̼˵áִӰ֮һҲ2013һ˵á/ˡֶɡ¶Ҵߡƽ١ġ֮աԼδﱸingĵʽܻܿδһʱȥ 沨ʿɱըġ֮աСƽ١һףǺܻܿĩ佱Berg̨ýôʸϱ֣BergеһýôҪˡ ۽ʷ©¼˵áڡƽ١һƬ󵼵շɣṩ𺳵ӾͬʱһһʵĽɫЩɫ֮Ϊ׽ϵԼά棬ˡֶ񣬿ءȡ޵˹ͿءɭıݳȻβ룬ڽյļ£ݼϵĲ㲢ûԵø롣 Ȼڡƽ١еõܺõӾ̼͸ȾĸɫⲿӰУ˵áʼսӾΪĿ꣬Ȼǰ벿̵ֵЩζ·벿ֵĴܼͱ˵áһӰ¶Ҵߡƣα¼ʽӰִ͡ͳﴫ·̻ȺĿģȥЩǣ¹ʵĸͥͥĻеҪɲ֣СɱӰ˵üͥߵ£һǳֵõĴָϡ Ȼһָ£ƽ١ĴʵϳصıؾᣬŹģӷתΪ˸ְȨԸӢĽǶ̬ȣֹͣһչϡ Ͼī©¼֣ǳ׵׵˻˻Ǵ۵ĻӰͺֵȶˡ Σƽ١һڶֵͬȵɵӰ ˡֶһܽӵԱȻƽ١еˡֶһ͵ʽӢۣǻۡ侲쵼ߡƬĿءԼάҲ֮У˿ءɭԵЩߡϾ椲ܽȥһӡ֮ҪԱǻϺܺõز׽ͻԭϷڵ־񡪡ʹڴ󲿷ʱǶڳ䵱ⱳ߶꾮̨ľ ˵棬ƽ١CGIӾЧʵڡĳ漰꾮ƽ̨ճתĸ棬ӿʯ͵ཬٵѡģȴṩ㹻ĴУϵĹıը亹ֱðϸڸѪܡ ƽ١·ơȻʵ¼µĽֱȻȱģֻϡȻϷ绯ľ˸еƣ룬ͣеİ徫񲢲ֵùĳЩʱԵ̫١ùʵޱꡣĳǶڴϵıڱڸʵ࣬ýֺдͷ֯ϵӢʱݺˮб¼ĴӼʹʧתƳȻ¸Ҷ©¹ʶī̬ɵľ޴Ӱһʴ ΪһҵɵӰ˵ִ÷ûʲôչ鲢ʲôֵý顣 ƽ١＾ʵʷ¼ıӰͬ͡ıվϣƽûʲô̫ëҲûʲô̫˼˵ֲκδ̬ȵˮɵӰгֲǸӰҵӲָꡣƽ١ṩд̼еλCGIˮ׼ٹµĿԤԺ͹Ϸ绯Ҳûдﵽ˷еĵز Ȼƽ١ʧְ赭дŲϣѡΪҵӰ˵ûʲôġֻҪַܳЧڹĴĻϽɫİΣֻҪźϸıݺͳĹ£һĵӰ ·ĵӰ֮һ ·ûģĴʹ·˰ˡ 
      ",推荐,CydenyLau,有用 9,没用 6,https://movie.douban.com/review/8170276/,深海浩劫：大庇天下主旋律俱欢颜,https://www.douban.com/people/CydenyLau/
,力荐,Chris尧,有用 5,没用 0,https://movie.douban.com/review/8187074/,所有海洋工程人的教学片,https://www.douban.com/people/56732822/
"
        ӰԭīǳѣҲɹ˵ʱҵĳǵӰûбֳҪ˼ûĽǵ÷ӳ.ֶΪ£Ȼûбֳ塣ֺصûоãõӰ˵ĸоʮֻң.ֶļͥԪأûзʲôãûͻʲôͥ黳صõӰȱʧ˼ֵǷǹ۵Ӫ죬ӰΪչѶӽϵҲΪˣõӰҵصķƿɳ£֪⡣ӰҪΪ׷ɵԭһҲ뽫꾮ƽ̨Ƕⳡ¹ķֻƬĿ̻BP˾쵼ϲƽ̨ǵļȻһƬΪǵѷԺеԱһţûʲô֮侪ĶǵĹ£ûʲôֵ뻰ԵΪͻָӢΪԿӰƬַⷢȵĵطӰһʼͱ˵һֺӸķʽָ˾ǰԱΪѾһԭǹ˾߲ĴΪɵģչʱȻܹǸܵǿҵͼ棬ø˸ķйȫ͸˵Ӱ棬Ȼֻ֤ĽԼΪ˭˭Ĺ۵ǿӽȥҲͺÿ͹۵ĽǶһ¹ʣò˵ݵ̫ƫΪӰ.ֶȻûΪһߵĴڣûзӳãûĳΪӰĺģһ֧ߵĴڣǵӰûѡ׼ߵĴڣǾһԸӢǣν¹ʵḶ́û׼ȥΨһһܹ¼ĵĹ˾߲Լ.ά棬ȻѾΪһڣҲͺڹΪص㣬Ǻٵʱ򣬾ӰбֵһԼ.ά·ֳཬ.ֶҺƵ죬Ϸǵ.ŷݵվϴ裬ﻷλõȷѾ֤˵ĽɫλҪԣһӰѡһʽıʽȻӰľһٲľȥû˷ѵĲҲûֹѵĲûܿѵĲȴһߵӪѵĲΪ˾߲ľɵģѲʱʱʱⲢܺҵָ𵽵˭ĴΪһֹ۵˼룬ǿʵࡣӰȻûΪӪһҵĺù£ӪȵȴǡôӦǾ仰鲻գûģƺҲһ㣬ΪӪһ׳ֲҵһѳУӰȫչֲֳ׳۵ۣ˸ܵѵеΪҲͻΰľٶʱǳֳӲʵԼܹѡ˸չֳõĶǣھǰһʱˮ²Ĳ԰ױ֮ڵӰĺڳ׵Ĵ󱬷óǵ顣ֻƬʼٲǹ⻷Ӣ¾Ϊĳ֣֪ǲʵʵĹ£пֹѪľģʽʵе׳¾̫ƽھһҵĳдԺҪʱڿ˸оɨˡΪһʵ¼ıĵӰ׷ȻԽʵԽãֻϧⲿӰʵ¼ıȻֻһӣı˵ĸоʵ̫ˣ棬ֹȷ棬ܸоӰ൱ǿҵĸָʽַ֮һûǵĲʹ࣬һζָʽֻ֮ĳҵĲֵ¼ԭǵľʾ˼ս൱ĲȡҲһ.ֶûǹ⻷ĵӰӰпޣһ͵ĽɫһûУһҪĳϷһЩרҵ۵Ժ󣬵Ӱ־ͼһ·˼ˣûʲôݣȵĽͥϷݷɢ˵ӰľߣֹȾɿⲿΪĵӰԵø룬Ҷ.ֶֻǵӰеһСɫַԶӰĺݣ·صմϱߣ˿ûʲôڸеĽɫôڵӰеõǵӣҲΪûʲôڸеǡ
      ",还行,王廿,有用 1,没用 0,https://movie.douban.com/review/8276818/,《深海浩劫》：缺乏内涵但场面壮观,https://www.douban.com/people/80689279/
"
        ƽ١2010īԭй©¼ı࣬Ӱֵƽȡ˱ȽϾǿͷȻϤͥϤԱƨгѵķ˼ͨƽ̨ͷ빫˾쵼ִͳһֳָΪӰȫΪƪ˲̫ķʽͨŮͣĽĹ˳̨ԭԼΣԣһƿĿʾ˺ѡһĻӲͥеĶԻѧ̽𣿺ѷʱĳ滹Ƿǳ𺳵ģǹƬĲġѵĹ̼չʾչʾչʾ漰Ĳ淴ЩƽĹУһЩףɻײŶζհᡣΣһ칫ڻ갲ȫһַҲԵͼĪĻʲôȫֻΪùƲһƲѣԵӰ˺ܶ·ȱ⣬һĺˮƴӳƷʽƬ䳡𺳻ǻעΪǼʮ겻ζйԸзζƱȻ̫ʵԤƴ½Ʊ12Ұɡ
      ",较差,亮石头,有用 5,没用 5,https://movie.douban.com/review/8179045/,中规中矩的灾难片,https://www.douban.com/people/luhongchuan/
,较差,stonerao,有用 6,没用 13,https://movie.douban.com/review/8180088/,几乎就是一部安全教育纪录片！,https://www.douban.com/people/139231842/
,还行,Luc,有用 8,没用 1,https://movie.douban.com/review/8180224/,论生产安全的重要性,https://www.douban.com/people/LucFrance/
"
        
      ",推荐,叶子狐,有用 1,没用 0,https://movie.douban.com/review/8358892/,让人提心吊胆的悬念是怎么制造出来的？,https://www.douban.com/people/yeyueyue/
"
        
      ",推荐,西南北偏角,有用 1,没用 0,https://movie.douban.com/review/8293765/,不简单的灾难片,https://www.douban.com/people/131115684/
"
        2016Ӱ̳עĿĺǡƽ١Deepwater HorizonĪΪʵΪ¹ƬҲʶʮ㡣֮ӾЧЧĽ༰ѡĺ;籾ӰʷΪʵӰƬһµĿģƬϸڳ2010420īˮƽߣDeepwater Horizon;Ϊԭ¾ͱը¹ʡӰƬǰ볡̵У˺ʯͿԭĽܣƿռ¼ƬмαըϵĺڰԼ翸Ӱĵľͷż¼Ƭβ¹εͥƵԼԭ͵ʵ·ҵĸϷġ漰ɿУŬڴԭ¼ԭòʵСͬʱҲչ˵ӰԺڵ飬ʧʱͷűըǰľĵѹըѵѹֺӪȵĽ໥ķʽƽڣϵʱֵĿٽȻʧȥ˵ļľᣬȻȻİ׷εĳ˸Ϊĵ˵иܡȻӰƬƬȻƬеķɶӢʯ͹˾Ĺ㣬ǼϹڽԼɱڼͰȫ϶ǰ׳գǶ˵ͻȾķնġʵе¹ʷӢʯ͹˾Լ¹ʵ鱨ҲͬذζƸ;ʿԽ̽˾Լ;ӹ̵ٹ˾°ʯͿɵߡԴֲĹԱܡܻߡְأԼѷԮʩĳ͵ЩԭڱƬҲûչӰƬнеˡķ˹ΣھߵĹؼʱﲻ˵ Jimmy HarrellΣڽʽͷµ绰شAndreaΣʱͻȻȵ˵ķԵ÷ʲݵۣӪȺֹӢоϴףʵһ蹷ѪԿŵĸоеͷǿˣûаɭѪɫôĵڿӣƽ١Ҳʧ죬һԴҵˮȵĳ̶ȡҪ˵ĵȻڴδΣȫ򾭼õĴ20087-12¹ͼ۴145Ԫ34Ԫˮͬʱ20089£׼˽27ĽʯͿɽ2009꣬ҳ̽شչȻ40%˺2014˹͢ĴǺйҳ̽Ϳɼشչ֮ͼִ2011ָ100Ԫ45ԪȻлʡս޲ڻгӰ죬ͼδȻȷԴԴѽṹȻڳĵ·ϽнԶʯʹһ೵ֻΪӾߡı£2010Deepwater Horizon;ۼвУϽڳȻΪ˵ѡ͵ͷΡ˵ģ仰ڹŴִڵδ಻ŴֻȨpower˵űִ1776귢úʯ͡磬ǺܣԴpower󣻶Ϣʱֻ֪ʶ˲ţIntelligenceű󣬶ҲԼҹıAIpowerȡ֮ͨˣͶߣûбӹ˵ˣȻ̬һ¡Խ˺ͶʺѭĺӽǺ󼰵ΰʾֻأ⧲ʱ򣬸ԾĹ鳤ӢһǼĶ⡣ʯй©ĽͺʵͷųǺ׵ľ޺ħй©ƿԱϡͣ紵ɢȴ׳нĸıɸѡµĻŲѿƿԱ⳥ĳ̬ͶúʵƣȻĸҵ÷顣ΪԴЪ˹ĳ˵ʱ⡢ɭ֡ͷһڳЦǡһʼ磬ɽѣ죬ҲǲŻʲôˮȣҲǲҵµĵƽߡ*****ʷʯй©Ⱦ*****19673£֡ϿȡӢȺû12ԭ󺣣Ư19783£֡ĪƼӵ˹ڷḽû23ԭй©غ400ܵȾ197963գī˹п1ţLXTOC1;й©ȿ̹뵺й©100֣1.4ڼأԭ͡1989324գɭ˾¡߶ȡڰ˹ǳй©5֣1100أԭͣ8600ﺣȾ1991밣ɭ˾2500Ԫ⳥ͽЭ顣19911£˾ӳǰȼؾ;100ʯй©Ⱦɳذغ5001992123գϣ֡ٺǳ6֣2000أԭй©Ⱦذ200199365գŸǳոȺй©2600ʯ͡1996215գ ֡Ůʿǳй©14.7ԭ͡19991212գʯ͹˾֡￨ڷ¹ʣй©1ͣغ400ܵȾ20081·оη2.85Ԫ⳥20021119գ͹֡û3600й©Լ6ȼ,ȾϷ400ﺣ20021123գйڶ˳1š8֡˹šײȾ12ƽ20071111գ˹֡ʯ139ںںٺĿ̳ຣϿû3000й©2007127գйۼںһҺײ1.05ԭй©15ƽﺣܵȾ2010420 Ӣʯ͹˾ʿԽ̽˾λīġˮƽߡ꾮ƽ̨ը1500ԭй©4300أȾ2000ƽӢﺣԺ40𷣿ϺͽЭ飬200⳥*****ʷĺй©Ⱦ*****19571010 Ӣ˹˶˷Ӧʯīо´Ⱦй©1966117 һB-52ըмʱKC-135ͻײöⵯʱըʹ˹490ӢĶ(Լ2ƽ)򱻷Ⱦ1968121 һB-52ըкײͼտվظĺЯĺʹȾɢ19701218 ڻݼӿƽصһּװڰɱʵзը·Բкй©1979328 Ӣﵺ˵վ2ŷӦѷķй©51985810 E-2K-431Ǳͧڷ˹п˲ȼϹзըƽУ10ɥ49ܷˡ1986426 ڿڣжŵ˵վ4ŷӦѷը8ֶǿй©730˵6ƽȾܼܺƴ900ˣ27˻ϰ֢9.3ˡ1987913 ĸ˿ƻ߷ԵȻ藍ɳ240ܵ˷䡣199346 ľ˹ϴʱըʹľ˹-7Ļմʩͷųһơ1999930 ձ˻մʩ¹ʡ2011311 ձ9𼶺Хһ˵վ1ŷӦڽﱬըʹй©680025.2ƽﺣܵȾ*****ʷúѼҹش*****18661212 ӢԼ˿(Oaks)úȼ屬ը3801878911 Ӣʿúը2591894625 Ӣȶú˹ը2901906310 CatastrophedeCourriresѣ10991907126 Īɼӿѣ362ˣܳ500ˡ19131014 ӢʿSenghenyddú˹ú۱ը43919141215 ձݷǵHojyoú˹ը6871934922 Ӣʿ׿ķĸ˹¿ѣ2661942426 йα޹Ϫú˹ը154931Ϊձˡ1950227 йú˹ը1741954126 йͷִú˹ը1041960121 Ϸ Ʋ³(Coalbrook)ú435196056 йɽͬϰ׶ú鱬ը6821960514 йĴʡרͬúú˹ͻ12519601128 йƽɽɽú˹ը18719601215йɽúϾ˹ը1241961316 й˳ʤú֣1101963119 ձĲ(Mitsui)(Miike)ú˹ը4581965528 ӡȵ(Dhanbad)ĸ(Ghori Dhori)úը37519681024 йֻúúը108196944 йúúը115197266 ޽ͲΤ޵Wankieú鱬ը4271975511 йֽͭƺú˹úը1011977224 йǿƺú˹ը11419811224 йƽɽ˹ը1331991421 йɽʡ鶴ú˹úը14719961127 йɽʡͬú˹úը1102000927 йˮǿľ幵ú˹úը1622002620 йҵųӺú˹ը 11520041020 й֣ú̿ҵŴƽú˹ը 14820041128 йֳͭ¼ɽú˹ը1682004122 йͭú˹ը1662005214 йʡ¿ҵ()ι˾ú˹ը214200587 й㶫лƻú͸ˮ12320051127 йų́Ӷúúը1712005127 йӱʡɽпƽú˹ը1082007717 йҵŻԴúˮ;1722007817 йɽ뱩ˮú, 1812007126 йɽ鶴úը¹ʣ105200898 йɽúβӣ27620091121 йʡúعɼź׸ڷֹ˾úը¹ʣ1082010331 й·ú˹ͻ¹ʣ1082014513 (Soma)úը274
      ",力荐,passionfly,有用 5,没用 1,https://movie.douban.com/review/8188784/,水深火热的能源产业：从《深海浩劫》说起,https://www.douban.com/people/passionfly/
"
        ǰʱˡơҳǽΪֹõƬȥˡƽ١һֵÿѵӰơֳ֣ΪӰĸǸжƽ١˻ӰƬеÿһαըÿһʹȻ˾áƽ١岻硶ơΪڵİȫ⣬ֵ÷˼ľӡİȫһֱڵ⣬̰桢ָꡢĿģеʤԲΪۡӰǻʵ¼ı࣬2010ī꾮ƽ̨ըԭй¶¼6±ӫĻɾĴĿΪõػԭ¼ıڵӰвû趨ڡһЩƬΪ˼ǿµĽų̶ȣϵؼһЩеѣǳϵ⣬ԵĺڰơûУֻһδǿܻ֣ÿһѹֵĻ棬˲־С̵ġӹ43족ȡ뿢43족ӿЦĿĸ˲˰ȫǿӲҪչʩҲעⳡѲɱˡԱȴȸԾǾԿӭ깤ǻŻؼҴ߶򣬻Żؼҿȥ㣬뿪߼ʵĺ嫺ʵЩ벢ܹǣûаȫеУÿ˶Ҫ뿪ֻѼڹӰ˵ĻʹġӰƬλǱը𺣵Ļ棬û˾ռߵƬлīһ£߶һ£㷢һ¸ڡҲֳҶⲿӰΪǰСʱ̵棬һҲ˯ˡңҸڵһλ˸Ħ棬˯˰СʱҲˡܵҲֻΪ˻ԭ¼ıԲûдȥӳʵԡӰ꣬оͺ˳ѣ֪ѵΪȴҲûиȥ˼ʱ䡣ҵӰǸӢ壬ҲƽһڣÿһҪˡ˵ĿǴΪ˾˶ԼǰȫԱڴаϵĳ㵽ûлӦڳ˶Ȼ¡еִ٣˵Ĳֵ࣬ȥ˼ڽӴҴߵľƵ꣬ŵ˺ӵʧȥ˵ˣضĻ棬ֳܱʹġ
      ",推荐,弓谷所長,有用 6,没用 0,https://movie.douban.com/review/8178671/,人祸，往往比天灾更加让人痛心！,https://www.douban.com/people/misty-yy/
,推荐,方聿南,有用 6,没用 5,https://movie.douban.com/review/8173338/,地狱的恶焰喷涌时，万物之灵的尊严如纸般脆弱,https://www.douban.com/people/fangyunan/
"
        һʵ¼ıĵӰԭ͵Ȼīԭй©¼꾮ƽ̨Ȼը11ɥʯй©80졣µĻȾ޷ڻǵõЩմʯ͵ĺ񡣵ӰܴЧܺã˵ԭȺܸߣƬˣЧͳҲˡڴԵ̽֡Ƭֵ̽ĺǳ̰ʹѷȻԱһͨƬɣС
      ",还行,雪,有用 15,没用 0,https://movie.douban.com/review/8560172/,特效很不错,https://www.douban.com/people/160477482/
"
        
      ",力荐,青林,有用 0,没用 0,https://movie.douban.com/review/8555138/,期待他人，不如强大自己。,https://www.douban.com/people/159295477/
"
        ӰǰûϸͷԵʵ̫̫ңֻ¹ʷըͬӳĺΣ֪¸ıࡣһһһŮͬ£ǸŮͬҲɵƽ̨϶ըˣôĻ𣬾ȻҿȣˡԺ˻ܶԶԶΪ㲻ǳˣֻһˣѪ֮ѡ㻹˵֮ءµ11ˣ̫ңôᣬϧЩ쵼˰ȫѰȫ򵱻£¹ʵķѣǰʵģǰִСӰʵ޷߷֣Ϊ桢ڹ̫ãûнص㣬ֻΪ˱ըըûиϸдȷʵֵʱµĳҹֲָϲ죬²ŵأܶ˶ըιȥ̫ҡ¸ҵʾϧעͨһҪаȫʶ
      ",较差,叮咚,有用 0,没用 0,https://movie.douban.com/review/8417357/,情节一般,https://www.douban.com/people/153925605/
"
        
      ",推荐,chopsuey,有用 0,没用 0,https://movie.douban.com/review/8475384/,震撼的灾难片,https://www.douban.com/people/4367946/
"
        
      ",还行,土皮,有用 0,没用 0,https://movie.douban.com/review/8422519/,无题,https://www.douban.com/people/46153548/
"
        
      ",推荐,justiceman,有用 0,没用 0,https://movie.douban.com/review/8408955/,这要是在天朝,https://www.douban.com/people/65727166/
"
        䰮յʱ򣬷ѾСƽ١ƬԴȥƺƴȡ2010īԭй©¼ԭ͵ѵӰϴȫƬ100ӣݻǰСʱƽֱлҳԽôϵӽǵǾģΪ֪һѻ᲻Ҫ١ⲻƬͬĸӢ壬ʵ#һȺ˵ĵԱѷ󣬴Ҷڼװ崬ŴȴԮֻеԱ֣סҪĽ˿ܶðŴ𣬻ص˲ңղֻԼȴ𺣡Ȼһͷͬ£ͬʱ𺣣ֻбˣûźԱˣºж˼ǵأ#ǹ⻷Ҳ޷ʹջȣصʱͬµĸĸ׷ǵĶȥĶˣΪʲôֻһ˻ͷתĸŮͻͻȻʶӢӢʵĶʹʹԶڣЩȥûй⻷ҲΪй⻷пġӰƬ˼Ƕڡ˻Ľ͵ɣٸһݻһҲ޹ؽҪûʲôˡֻСһۣձֱ֮ǵ۲Ȼ򣬿ϧѾˡķӰƬǿϵӽǣ֪ҪBPԱʵЩ˶Լ
      ",力荐,张描c,有用 0,没用 0,https://movie.douban.com/review/8362372/,脱离了上帝视角，其实我们对灾难一无所知,https://www.douban.com/people/142188635/
"
        ڿⲿƬӵʱ򣬺ңΪʲôҪֲƬڻشǣЩ֪Ҫ򣬰ѽ~ڻͷ룬ԼеʡΪʲôҪƬΪʲôҪֲƬأѧȫͬ˵ȫ¹ʵķżȻıȻƽĵĻۣӳżС⣬ûʶΣգѱȻı˵Լ˺Ժ󣬵ӱرСҲٿֲƬˡֻǣҾƬһӣʱ˵ǣôôͻֲᷢܿ顣عһ2016ڰȫ¹ʵţҿԼ˼һЩΪλᷢƽʱԼΪͰȫʶΡΪʲôܶ˶ԿֲƬְأ94һ뽲Լ͸롣ұʶһȥԴиΣյļ˶ԶΣյĻǣۿֲƬԵһȫĻ¿ԼĳȥδʵĿֲ¼ӰعʵĴ̼ڸԼʵҵĵͦġоеɵ˵һжɹѽ
      ",力荐,轻亲苹果香,有用 0,没用 0,https://movie.douban.com/review/8347613/,为啥要看灾难片？,https://www.douban.com/people/1561745/
"
        
      ",力荐,轩轩,有用 0,没用 0,https://movie.douban.com/review/8343159/,电影《深海浩劫》,https://www.douban.com/people/xuanxuan840829/
"
        ˾õBP˾ʧƫģȻΪҵߣҺҲֵ֧ݵ⡣ʵӰĸλʵеBP쵼ʵУӶ꾮˾ļ׷ûԲ꾮Ҳ˵ҵľߺ쵼߼̸ֽУҵȫ׼ϸĽ죬ȫձ׼ʩ޷ӯҲԲԤ꾮ʵκΰȫ¹ʲֱԭǴӻߵңȻĻԶḡˮ档ȿ̫¹ʼ¼Ƭĺܶʧ˵˵ǵһνҵìܺ涷չڹǰȻͨ˲һףٶ˵Ѿ㹻
      ",力荐,蔷薇骑士13,有用 0,没用 0,https://movie.douban.com/review/8339584/,聊聊自己的感受,https://www.douban.com/people/157368279/
2016Ӱ<Deepwater Horizon>ƽ١ѵӰʵ¼ıġΪرƫһ͵ӰӰԵľ顣Ȼ÷¡ĵӰ㣩һ棬ʵ¼ûж׫ĹôһۣΪصˣıķҲƬȻҲܴƽĶۣѳѾĵ㹻ˣԼӳǰŮǵǶζԻǳ׺ʵƽ̨в㣬ڻ谵ϺںһƬͺͺͮͮһƬĻʵǺĳθġ쵱棬ƬҲеʣôиԵڣȴûпռȥ˵ǵĹ£ʮ˷Ѹ顣Ҫһ㣬¹ֻ11ˣʵ¼ӰǶԻƻͶôֵڵƬȴֻһʴοûһҪɫٴδ˸˺𺳵ȡ,还行,翟松_森林木,有用 0,没用 0,https://movie.douban.com/review/8333040/,短评,https://www.douban.com/people/102782697/
"
        
      ",推荐,玉雨轩,有用 0,没用 0,https://movie.douban.com/review/8332521/,活的希望,https://www.douban.com/people/157019852/
"
        ̫Ϊʵ¼ıѵӰǵĲһĻĻѽ֮ʱĳӾΪ֮ʻǰǶôСЩἺˣΪ˵ƽӢֵۣǶߵĤݡðΣգһδηػ𺣾ˣΪˣϵ׳ԼΣǧһ֮ʱλøˣ֪˸ҪԮǶƽˣȴ˲ƽľ񣡵٣ֳֺ֪еĿ־壿ཬپ磬ը뵽ǡ־ܡǡƴԭź侲ظʱܣһѡ񲢷ǾǷܻһһһǣҵļȴȼĲѽ٣Ϊ˰˺㰮ˣ뱣ֻȥϣֱǰһж¹Դ̰ж˻ֻŽҵĻֻ֪һǿԴķջڽĳһ̸ʹĴܹĳͷԹǿ籩Ϯܹɽ鱬ƻⲻżȻǶԵ򿪷ƻıȻǴӼ¼Ƭпɽѽڻ٣ȫ𽥱ů˻ݡж󲿷ֱŽӶԴһ֮棬ֻ˸жŤתơάֵ̰ͼСһ޷صѣΪʹЩάһŽ԰ȫʶˣЩֻ֪ȡȴȫΣյˣߵһʻȴЩǵܵıʹΪ˲бʹҪĲǷ˼ǳ׵׵һԭʵѵӰҲһ¶¼ķ˼¼11ʻƽˣڴĻϣЦô֣ͼһȴֻ¼˺Ͱǵ˵ıʹ¹лҴߣӵһôҸ飬޷ڴΪЩû߳ĬףԸðãѣҲΪЩ¹˵ƽӢ¾ԸǾϣЩγеǣܹȡѵظݣ
      ",推荐,小眼睛,有用 0,没用 0,https://movie.douban.com/review/8329028/,身临其境，开启灾难背后的反思,https://www.douban.com/people/121490984/
,推荐,鹿希,有用 0,没用 0,https://movie.douban.com/review/8323583/,浩劫,https://www.douban.com/people/z470248711/
"
        
      ",推荐,棒棒糖,有用 0,没用 0,https://movie.douban.com/review/8320298/,杰出的平凡,https://www.douban.com/people/52460847/
"
        
      ",力荐,Kate,有用 0,没用 0,https://movie.douban.com/review/8313906/,普通人的求生之路,https://www.douban.com/people/154233798/
"
        òӰЧҵļƤһֱðΪһ⺺Ҳ;еһЩݹΣԣԴӵӰһ㵵е֪ͬһƬⲿӰǻʵ¼ı࣬ӰҲ;ϹԱ¾ΪʷصѣӰиԭǣBP߹ܲ˰ȫΪ˸Ϲȣ;вµѵķ꾮ͬʱԺ󻷾˼𺦣߹ΪԻ棬ֻܶһи꾮ϰ弪ÿҪʧ۾BP߹ɵ£Ͻҹͧϣ߹˴ĺӲֱֻǲֲġӰǰ벿֣ǽˮƽߺŵһЩͬʱһֱںԼϵҾǽӳ꾮ԱƽʱԼͥһЩ̬ȣȥϹһξҪܳʱ䣬ֻͨһЩִƼȡϵݹһķԣһʧȥϵ֪ܿӰ˵˵ײײϢĵطһ׳˷ԼĶӵ䡣ΪΨһһŮԣŵ˵İ¼һҪйܵİťʱֹȴû£˴ߴ׼û£ֻܰ£Ҳѷʱһ˵뷨ǺǿʧȥԼжϣҪ˵İæΪûһ֮Ŷӣһֱȷ飬ǣӦʩԼźӣ˵Ǽٵģǰ¸ҵĳеԼΣֲʩѲףҲܱΪǸӢ۰ɡ
      ",还行,黑白影,有用 0,没用 0,https://movie.douban.com/review/8312389/,火光冲天,https://www.douban.com/people/141590939/
"
        
      ",还行,白昼,有用 0,没用 0,https://movie.douban.com/review/8303526/,《深海浩劫》,https://www.douban.com/people/156676902/
,推荐,新媒体运营 全秀,有用 1,没用 0,https://movie.douban.com/review/8292182/,电影是造梦与现实的结合,https://www.douban.com/people/156098456/
"
        
      ",推荐,笑语,有用 0,没用 0,https://movie.douban.com/review/8291472/,一切人祸都事出有因,https://www.douban.com/people/48960104/
"
        2010420գһݴӺðݱĺЧӦˮƽʯ꾮ƽ̨ը36Сʱ֮󣬰ž޴ͳҵĻ棬ûī塣ºͳ7ˡ11ʧ١Ӱƽ١ԱӰԭһ¼ʼĩƬСѡͻȲ飬ڻſḸĴ9527ͿˡȴƽﲻԵڰ⣬ƬһΪֵ֮ۡƽ١һ㣬ϧδܳɹͬźˡֶεļ˹ǺֹһѵķȻաǼʴԽᵽġīƶɡһжǳ¡īƶɵԭģֻϵķʽȥĳ飬һѡʽѣض˻ѡ񡣵Ӱֳ⣬ʣ¾ΧĶɣȥ̽ʯ£Ȼһѡⳡ˻һΣ˺ԥؽˮøBPΪ׵ӢˡӰУˡֿ˲ҵרھҵһ˿Ӣ˵BP˾˼ȹֻ̰֮ʯҵǲôߵǲǵӰĵġƽ١ΨһľǣʺӿӢ˵ͷϣеĴѬĵģԼŽѰر¸ҵػʵʲˡⳡֻ11¹ʣֻѵĿʼҲ˵Щʧȥļͥ߹ʹⳡһԭй©ī˻ԵѣõʱýĻ˵īذ̬֮֡˹ȫ̴ͣȡķΣӲ֮ͬ飬Լоյľطáƽ١ĸȻˮƽ¡úͺʷʫ̩̹˺šȥȣһġ籩˺ͻ֮ĿĹڵᣬҲҪȡƽ١ʮءҪǣԺĻ֮ˣѡȡԴͷеСȻȫȡ蹦̵£ֲ˵ܾﲻԵ·˼ʶˡɷ֮ĺ׼Ĺ㷺ԡͬǣѹѡں뿪ǱȽʡǮһӿᡭ
      ",较差,海棠泪,有用 0,没用 0,https://movie.douban.com/review/8288504/,真正的灾难在屏幕之后,https://www.douban.com/people/jixiantiaozhan0/
,较差,海棠泪,有用 0,没用 1,https://movie.douban.com/review/8288523/,别人家的主旋律,https://www.douban.com/people/jixiantiaozhan0/
"
        
      ",较差,困惑的浪漫,有用 0,没用 0,https://movie.douban.com/review/8286085/,"You jump,I jump！",https://www.douban.com/people/152587837/
"
        
      ",推荐,你才到碗里去,有用 0,没用 0,https://movie.douban.com/review/8285725/,大难来临时刻，你会抓住谁的手？,https://www.douban.com/people/150715576/
"
        
      ",推荐,旁观者浊,有用 0,没用 0,https://movie.douban.com/review/8284573/,电影，带你了解未知的生活,https://www.douban.com/people/155514598/
"
        
      ",推荐,Tony one ,有用 1,没用 0,https://movie.douban.com/review/8284330/,四星的《深海浩劫》也给我们留了几点遗憾,https://www.douban.com/people/80046688/
¹ʷزҪ쵼߶ӣһʱϵ꾮ƽָ̨ӵֳԮܶ˺ܶΪ˺ܴľʧξԮУҪ쵼һ£XսʿԱﲻĴη񣬳ġܶҹȥˣ쵼Ϊ͸֧ˣڸ߸ɲŦԼʱŮCandy Sunnyҵ߽ݣ㲵쵼΢˫ĿʲôSunnyۿʪˣԼĶߣͼҪ˵ĻϡȶˡܡܲɷáFacebookɨ˶ά֮쵼òֻĴͷʮŷһоһЩģţ⡭¸µġ˰תIRSСǵá顭ʷѡȿȡºzf¹ϵʽԸаȫලεҪ쵼չ飬ĿǰҪ쵼ѴӸ߸ɲƲ𡭡ΪҪ٣ìܳͻԡ̨˵УλݡƬȤ˽һ¡ˮˣȥš,还行,听见,有用 0,没用 0,https://movie.douban.com/review/8282694/,字数太多不能短评,https://www.douban.com/people/155612293/
"
        
      ",推荐,Nervous,有用 0,没用 0,https://movie.douban.com/review/8279250/,17/1/7极其难得的灾难片,https://www.douban.com/people/137898609/
,推荐,额叫刘高兴,有用 0,没用 0,https://movie.douban.com/review/8278802/,近五年最佳灾难片,https://www.douban.com/people/43130115/
ҸǣЩƬûȥӰԺһѻû̿ȫղסĵᣬ⹤ѹ̫ǰҵԱҲǹdeepwater horizonƽ̨ҿӣЩȻĶ豸ҲվڼװϹͷЩ͸ֲֵ֪豸ֻ󣬶ʱЩɻӡںҵ豸ϺʧȥĽţʹԶڼǧ֮½ءԿʵЧԭѣĿ޳ɹƬӦΪдҵԱĽ̿飬ԭĺʵƷǴҵ߿ŻģֻϣԭΪʾٷֻźûsully𱬣һǵѡȡǶв죬վƬɣsullyǰȫĽ,力荐,aner,有用 0,没用 0,https://movie.douban.com/review/8279156/,希望还原灾难为了避免再犯,https://www.douban.com/people/anera/
,推荐,全全,有用 0,没用 0,https://movie.douban.com/review/8278361/,事故能不能避免？我不知道。,https://www.douban.com/people/90434226/
"
        ڱҲһ꾮ˣһߣԿⲿӰƬʱоӰĳʵֻʵ¼ı࣬оӰƬʱĳⲿʵӰķӣĽܣǰڵ̵˴ƪ¼̵ķ̶ֶ̡Ͼʱīԭй©¼磬ǸоҪԣԴɵİȫԣͶ֮С
      ",力荐,K,有用 0,没用 0,https://movie.douban.com/review/8275623/,很深刻,https://www.douban.com/people/156024704/
,推荐,茶锣浩,有用 1,没用 0,https://movie.douban.com/review/8274039/,重温钻井作业,https://www.douban.com/people/chaluohao/
"
        ƽ١ʵ¼ıΪƬͻѣԱֵܾ¡Ϊȸˣ¥ݵߴưťסұŻУ˻𺣣еϣԼǵһȵģƴŵһλӡ׼ѣûкûдڰȫλõȴԮֻȥѰûмʱͬ飬ȳ˱صļףһͬ顣ʱ򻹾ȳŮͬ飬ȥӻŮȴĻȥҲԼͬԼҾԼƵһôأһô¸𣿻ô侲ĴָҲ˵ǿҡڵǸϧηȻ
      ",推荐,snowy,有用 0,没用 0,https://movie.douban.com/review/8273921/,勇敢,https://www.douban.com/people/153612716/
"
        
      ",力荐,灵翼,有用 0,没用 0,https://movie.douban.com/review/8272708/,无止尽的欲望才是人类最大的灾难,https://www.douban.com/people/139989079/
"
        
      ",力荐,神说要有光,有用 1,没用 0,https://movie.douban.com/review/8271896/,不从电影角度，而针对事故本身的感受,https://www.douban.com/people/67069829/
"
        ʱ˿̣ĳĳƽ̨ͣ졣Ϊһʯ͹ˣҳ걼ƽ̨½֮䣬ڵĴȻԤ棬޷êˣֻƽ̨ϵȴȥĵҲٵ½ƽ̨ĻᡣڵӰֱ಻ͬǳҵƽ̨ԱࡢƷͶǿ䡣ƽ̨Ҳй̫Ŀ־ͺ£˿̣վڴļװƽ̨ȴһƬһСʱʱܸоȱʲôΣͷ֮ƶαװ¶һӾֵ̫ĸоЩҾþòͻ2010420գ˵īԭй©¼ʱϣƾ跢ڵһʱֻϾͣǶҵľһֱԱƽ̨ʧԼʱְֹܹͣҵԭһѣ˵֮УǳǷ¹Ҳкֹ۵ľ档ҵʩѶǳȵģԽԽѡ޷ķ˹Andreaӷɻƽ̨Ҫƽ̨ʱͣƺȷܵĿ־Ȼϰ߶ȣԴҲҪһ侲򶨡û̫⣬ķ˹뺣󣬻ǱͷϤ˵̫Ĳ淶ЩҲ˵ֻŻֺʹ󺣵вķ˹һѵÿɹġܾīԭй©ûйȥãȴڲȥꡣǵעӸ¹תƣ˵ǽĵʱȴ޷ʹ߳ͬ£ĳϫͷ籩Ӱ죬ĳҵƽ̨бҴ޴ʹͬһѣû𣬾ܷΣգ36˻ȡ޷¹ƽ̨ʱƬ龰Ҳ޷¹ߵգǱ˴Ϥ˴ʶΪīԭй©¼ûȥĹ⾰·ߡֱҲףһֱ޷ȴʹƽ̨б˵¹ʣ֪кܶڻ֮޷侲һЩäĿ嶯ѡңǵΪû̫ʹĺֻǻкܶķ˹һѡ뿪ƽ̨¹ɵǾ޴ģϡⲿӰĳܶϵҵ꾮͹ǻеǳϤʱα侲򶨣ᣬҪ˼һ⡣Ŀǰȫļܺ͸λ̵ָ£ǲʲô⡣Ƕ֮ǰ¹ʣȴþ޷ͻѵһ˲˸еʹѡһιĻһѡݹΪģֻΪ˻õӰķʽȥһ¹ʡһѵԼһȺ¹ʺ뿪ǵˡ
      ",推荐,xavi,有用 0,没用 0,https://movie.douban.com/review/8271700/,不能忘却的记忆,https://www.douban.com/people/155339642/
,力荐,jooo,有用 0,没用 0,https://movie.douban.com/review/8270348/,安全生产重于泰山,https://www.douban.com/people/2698113/
,推荐,Kael,有用 1,没用 0,https://movie.douban.com/review/8267612/,突发情况下流程设计的合理性,https://www.douban.com/people/153864520/
,还行,xiao lu,有用 0,没用 0,https://movie.douban.com/review/8269240/,新颖但依旧不足啊,https://www.douban.com/people/147395214/
"
        
      ",力荐,小兔扉扉,有用 0,没用 0,https://movie.douban.com/review/8269232/,引以为戒，警示后人,https://www.douban.com/people/64756371/
,推荐,老羊,有用 1,没用 1,https://movie.douban.com/review/8263450/,居然有雨刮器,https://www.douban.com/people/62496308/
,推荐,原谅我是一个逗,有用 0,没用 0,https://movie.douban.com/review/8263088/,利益才是一切灾难的源头,https://www.douban.com/people/146088958/
,还行,历史挺有趣,有用 0,没用 0,https://movie.douban.com/review/8257077/,西方软实力输出的典型,https://www.douban.com/people/152255729/
,还行,转觅,有用 0,没用 0,https://movie.douban.com/review/8257930/,侥幸心理,https://www.douban.com/people/4400726/
"
        һʵ¼ıƷӣʵȡΨһı׼Աݡ綼뿿վ¼ԭĳ̶ȾӰƬĳɰܣΪʲôô˵ΪӰƬԵĲǹڸЩµˣԵӰĹؼǡʵšΣֻҪϤ¼֮òDeepwater HorizonӰƬı2010BPӢʯ͹˾ī巢ʯй©¼¼ڵʱ˹㷺עǿϰڵķҪBP߹ܳͥ¼ԭίصӰƬһӰ֡仰ΪʵԺÿ÷ʶȣ84%㣩metacritic֣68ϣDeepwater Horizonǰ50ӱȽͣ˲ٵ̵棬ʹú¹ʷԵòͻأӰƬἰġû꾮ǰˮԡĳһվʧ顱еһìͷֱָBP˾ĸ߲Ӳ̣ߣ˵֮ϡ4050ӣӰƬĸ߳ȫ¹ʵԵɡӰƬŵݼȶ·߻ƽǳڵĿ⿪ʼۼڴӫĻˡһʼġཬ͸꾮ƽ̨ཬŷӡԱȷϲ޴󰭡ƽ̨ɫӡźšƽ̨ըһеһ˲伱תֱ¡ͬʱµ߿ʼչMikeӵڴѡBPΣж˾Ԯʹƽ̨ϵʧȥ˲Ծȵıʱ䣬ӡƵMikeֻܿԼѰ֮·һ棬Mike̫̫ĵȴɷѶһ绰һδѯʣ˿˿ů⣬ػ˶ݣʵ¶û˿ӰƬǰΣһƽ̵棩һΡҡԮеMikeͬʵĸεգBP߹ܵܡƬвƵıȶԣ˿¹ǰдգǿʱԮ˵ĵ档ӰƬӽβʱһ""桰ĵ档ʥڵÿλϵĸ Ը˶Ϊʥ ԸĹ١ Ըּڵϣ ͬϡ õʳ մ͸ǡ ǵծ ͬ˵ծ ̽ ׶ ΪȡȨҫ ȫģ ֱԶạ̇̄ģΪãҪʱΨǵɽկơݡ΢ǷȱǺξԮԱMarky Markݻԭͣʵʵ̫ʵЧƵľӡ̣ЧƬβ˸ж㣩ƼȺϸӰ+׷ڡfloydhelen;лл
      ",推荐,floyd999999,有用 0,没用 0,https://movie.douban.com/review/8253363/,影评，深海浩劫 Deepwater Horizon，因为真实所以感人,https://www.douban.com/people/152177303/
"
        ¸ıƬ뵽ǲӰƬ˵һֻͣǸ¸ıľʹۿˣΪĽѾˣڴͻ᲻㡣̩̹˺š鹹İ¡õ֮һ佲ֻϧϵߵȶ̫Ҳһйоصĺڱ׻һͰ
      ",还行,游侠一笑,有用 0,没用 2,https://movie.douban.com/review/8250929/,坏就坏在真人真事,https://www.douban.com/people/BIANJU20170418/
"
        ꡶ƽ١ⲿBP˾¹ĳļ¼ƬǺܶʾܰ¹ʵҪлʾͽѵǿⲿ¼Ƭڰɡȸռһ꾮֪ʶһ˵Ҫʯͣ̽ĳͲ֮ʯ͹˾㿪ʼȷһ̶ĵطһۣһֱ쵽ʯ͵ĵط̾ͽ꾮½ϵ꾮ƽ̨һôϣϵ꾮ƽ̨ô꾮֮ҪǸۡˮ׹̶ܹסȻ׹ܵĳ岿λף͹ܰͲصͽӳǺڵĲˡͿʼ֮ǰе꾮豸ҪˣҪ֤ԴԴϴ;вҪڵز״㹻˽⣬ҪǶ;ѹļء֪زѹڣͲѹҲڣ괩Ͳʱðѹڵ֤ӿ߾硣꾮ĹһһֱؽϴҺֹ磬P= gh>زѹ 꾮ҺıأhҺ߶ȡڣǿ˵һ¡ƽ١¹ˣBP˾ӶTransocean˾īһھΪز״ĿѾƳͶˣҵBP˾ǵ˾ߴž꾮ͣTransocean˾ӰȫǶһֱڽƽ˹ױл˾һļ⣬ҵǼԱҵBP˾ˣҵTransocean˾Ҫ˲֪;׼ˣ꾮ҺʱͲѹƽⱻƻʯͳ嵽꾮ƽ̨˱ըҵչջ֮һǶڰȫʶİȫ¹Ǵܽ˷ḻľͽѵʹøûгΪĴ⡢Һӵԩꡣǿܶ飬һֱǰȫĵˣΪĴңǺѴ¹ȡѵ²ᷢʱ򣬲ᷢϣᷢطȫһصĻ⣬ǰٶȷҲΪѷ֮ٺҲȻ¹ʸҵһǾڱը֮ӦӦ籬ըĳ治ս棬Ƶء豸ٳ̶˾޴󣬵еMIKE, JIMMYƾԼḻľ뿪¹ֳɹرշŶ¹ʵĽһȻ֪ʵī¹Уûгɹ7ˡ11ʧٵĽӦ¹ʵСʧˣ¹׵ˣ¹ʵӢۡ
      ",力荐,乡村土狼,有用 1,没用 1,https://movie.douban.com/review/8240459/,不是天灾是人祸,https://www.douban.com/people/40198981/
"
        翴һӰ ǰСʱ̵棬Ĳ˯ţСʱʱʼ߳;üΪʯҪңžߣһֱըɳھĻرˬоƬӵЧԣǸоҲûʲôһ˼ˡоƬĲϸ塣ǱȳԲɥʧ˵Щγ˶ԱȡʵƬĹ·һ¹ˡ˵һºӰ죺Ӣʯ208Ԫͽ⣬ˢ˾ʷĺͽΪ˸Ĵ6104ֻ࣬609ֻ꣬100ֻڵĲ鶯ȫ..ܵ˵ֵһرмǶβԸоá˽һºʯҵ
      ",推荐,XZF,有用 0,没用 0,https://movie.douban.com/review/8250569/,今年数得上的灾难片,https://www.douban.com/people/79375276/
"
        ıʵ¼Ƭò˥ȻѾٵʱڣȻų־õΪڳСȱѵǣҪҶѵ󣬽ڻпЩʵľƽ١Ĺȡ2010귢īġˮƽߡ꾮ƽ̨ը¼ӰƬӢƬDeepwater Horizonȡڸ꾮ƽ̨̩֡ܡˣˡֶ͡ƶԹеСסŷƬогݣȴһָΪ״̬ⳡѡˮƽߡһɺŶӽİǱʽ꾮ƽ̨ںƶԭڳ֮ǰѾúõع9꣬2010420յľ¼У絼¼й©αըƽ̨ȫը٣ȼյĴ޷𣬾Ԯֻƽ̨ȼ36Сʱ֮뺣סʷ©¼¹ʵηӢʯ͹˾Ϊ˸208ԪĺͽⷣˮƽߡȡƬп˵ǷǳɵģΪʲôأΪʯ;¹ŸҿԭͱǳʺϱӰ񻯡һ㣬ݱ˵áһԭƬͷܰļͥǶԺϹԱ֮ͥʵдգΪǿҵ̵棻ͬʱҲÿ緢˾ԭΪӰƬѵĲԤסһӰƬܿǰĲ֣ٵĹǧҪˡĵϸƬҲ洦ɼˮһʵġˮƽߡ꾮ƽ̨Ļťȶ꾮ƽ̨еĿ̨һ¡ݱ˵á˵ⲿӰƬĳԣΪҶⳡѵĿºԣȴû̫˹11ߡҪ11ֹѷˡıϣ˵áȷʵһ㣬ӰƬϹܵ˳ƬֵĸӢʽ⣬תһȺ񻯵ķʽ̻ˡͬҲ˲ͬĿռͲͬߣӰƬ۸иΪաʵУʱ945֣ӰƬʱŴ12СʱУ˰ϴĵҹΪֹ12СʱзģһɵĹ¶ڡѡ˵ǡôȱ֤µĽգ㹻Ŀռ̵ͳѵķͬʱҲѵʱԵøġ緢ĶֱǱȱըʱĻΪÿĳ˭뵽ཬȻȱըÿأһִġҵġѡ˵ƬﲻòһСӳݵġ̩̹˺š˿ܻ˵̩̹˺šһƬƬˣȻƬеȷѵĳ紬ײ˱ɽѳûˡҪ˵ʵǣײǡ̩̹˺šѣͺ籬ըĿʱ̲ǡƽ١һ˵ķУ̩̹˺šѣֳû˿ʹʱ̡ʱ̣ƶܿΪŮ¶˿ڽܿ˴ӰƬʼ¶˿һݺͽ׼ͬϲ׼¶˿²׼Ľܿ˵Ķݰлȡͻܿûǻ¶˿һŦԼǵĴ˺ĻŻѡΪ֮Ÿġ׼ԵĲɵ͵ìܡֻڷյġʱ뿪ֵϵġ˴ƽ׼޵ѵ̩̹˺ϣǵİʱڵĿܡԣ롶̩̹˺šƵģƽ١ͬΪṩһģʽӰƬ44ҵʱ̵ѷԭڹԱһһεļ顢ʵжУӢʯ͹˾Ϊ˽ʡѶ͵ϡҵ󽥽ˮ棬ָⳡʵһȫΪ¹ʡӰƬеıըӪȳȣ40ӵģԿ̳¶ʵѡǿĿα͵ģһּ˷ֻֿŵì̬ڴѷһ̡Ƭ֮ܳɹسΪһƬơǿ־ѣҲڴѡڵƬʵѾˣǼȲ֮ĻУҲ2012ĩԤԣѾʧȥ˶ƻѵΪʽƬѾпܵѶĻдˣ˳ԤڵδѡϢӰĿը֮£ѷƣ͡ʵϣʵÿʱÿ̶ڷͳݵĿڡϣƽ١Ѿ;߱˸ʵ壬ȡʵ¼̶˶ʵĻԭӾϵΪⳡ塪ΪѣⳡӢʯŶΪ˾Ч͵ѣⳡʱ巴µʵѡԪصӰƬʢǳڱʱŲɷָĹϵ30ĩ40սв˴ıĳӢ۵ӰˡĶ͵Ӱǵһʱڡ50ʱ࿪ʼ̫̽գս״̬˴̫вֳ̫Ӱս̬ӰƬ1953ɵġǼսҲ˹ƤġսƬռơ60˴ֺΣͺ˿ֻŵӰƬⲼ˵ġ氮ʿǺܺõĴƽ١Ա70ºƻƬʢУΪ֧֮һƬִʱƼˮƽķչ˿ƻƬǰ٣ԡսΪһϵӰƬ⣬һӰƬʱ徭˥µĿֻ̬дԵı1974ԼִġĦ¥ƬֱȺƼʷٷ򡢱ޡŦѡޱгݡӰƬΪ˽ͳɱ˵豸׼ӶĦ¥ֵĹ¡Ħ¥ʽĵ챻жִǿҷζҲӰˡ˻Ļ˿ƽ١൱غԣǺ͵ھΪġִζĺִѳΪȻѺĩջִҲǡƽ١õһ㣬㹻дʵ㹻ʵƬͷƬβļ¼ƬӰ񲿷֣ǺӰƬһ𣬲ͣǣǵʵвȱѡģ˼
      ",推荐,暖,有用 0,没用 0,https://movie.douban.com/review/8226248/,《深海浩劫》：这部影片和《泰坦尼克号》有着很深的渊源,https://www.douban.com/people/m19900714/
"֮ǰƣӰѳ..Ǻԥѡ ƽ ٴ顣 ǿ֮ƽ࣬ѹ֡ ݲûȾʲôԵҵ˽ףǰΰƣȫҶûһᣬֻѹ֣ѹֵ˵ڡΪһʵ¼µѣֻǺܿ͹ۺ侲İǰѡΣǰҿӦʵķӦԲô˽ôʣǿҵôҶܻı..ûǸĳӢۣʣÿˣӢۡǴִǰǿ־һֱ룬ҪҵĻƿʼ˰ɡ ӰƬЩԱƬһӳԭǸ¼ʵ֣Ȼ𾴡
ЩѾܿ͹۵չʾ˶˽ЩˣЩ£¼Щ࣬п࣬ǵһ㷴˼ȡһѵʷЩֲ飬ԽԽ١
ÿһڴִǰʼǿˣֵ𾴡",力荐,路一直都在,有用 0,没用 0,https://movie.douban.com/review/8204962/,真实的灾难,https://www.douban.com/people/NXLCX/
,还行,peyton,有用 0,没用 0,https://movie.douban.com/review/8195577/,灾难在哪都不应该有！,https://www.douban.com/people/peytonc/
,推荐,白日梦小姐,有用 0,没用 0,https://movie.douban.com/review/8196126/,深海浩劫,https://www.douban.com/people/csfw/
"
        ˮۣɸۣȻĹϵˡνƽ٣ʵǴȻһƬȡ2010ʷصʯй©ը¼ԵɺͽֶѾдãɹıĿռܵһľޣݻƬıˣڹʲôˮȡĶ֣죬ųжȣһʼδֱ⣬ͨһ𣬴СŮԼӿĻ棬춨˺ѵĻȫƬչʾһİΣһ꾮ƽ̨һ磬ϵͳڶϵͳһһӢһҥһöһֻƣһֻƣȳһƥսȳһƥսһսۣһսۣһҡΪڽһһ©ͻᱬŵЧӦϵͳʼȫƬ׳֮һ˲Ӿǳ˲λӿʯ̹͡ĻĴըһڵ㱬ڵƽӶڵ򡣵ȻΪġ󱬷̵棬Ԥ˼ΣͬǰŵķΧ֮ͷԣԼ˵Ĵв˸˰ΣСǣҲ̰ѵӱ࣬һչֵ쾡£ȴּٴյӢ壬عʵܹġݵ׻Ǵ黳ģѹ󣬽ֹܰ·һпµϣҲеѹֵõͷţƵ㾦֮ʡ
      ",推荐,樱殇之恋,有用 0,没用 0,https://movie.douban.com/review/8193345/,深海浩劫,https://www.douban.com/people/135196352/
,推荐,写小米,有用 1,没用 0,https://movie.douban.com/review/8193421/,灾难的原因,https://www.douban.com/people/57409966/
,力荐,Winter,有用 0,没用 0,https://movie.douban.com/review/8193297/,愿逝者安息，愿灾难永不重演,https://www.douban.com/people/57858898/
,还行,赶路,有用 0,没用 0,https://movie.douban.com/review/8193204/,今晚没睡,https://www.douban.com/people/124502998/
,力荐,书剑恩仇,有用 0,没用 0,https://movie.douban.com/review/8190238/,真实最让人心痛,https://www.douban.com/people/150609334/
,推荐,电影章鱼烧,有用 0,没用 0,https://movie.douban.com/review/8191747/,没有偶然，都是必然,https://www.douban.com/people/moviezys/
"
        ΪںҵҲƵһЩƽ̨֪ʶڵӰеﻹһЩ⡣ʵκιƶѪĽѵʡǮ󷴶ۼˡǰ׼һ٣ҪϤͻпԾ²Ӳˣ1ô豸ûάʱڷְ2άʦȻӦðɣְ
      ",推荐,柯南,有用 1,没用 0,https://movie.douban.com/review/8191527/,一定执行严格规章制度,https://www.douban.com/people/kenanyebeishang/
,还行,jojo-mrmr,有用 0,没用 0,https://movie.douban.com/review/8191450/,活着 也许是最大的福报,https://www.douban.com/people/73156276/
,推荐,丁丁乐2009,有用 0,没用 0,https://movie.douban.com/review/8189214/,平静下的浩劫,https://www.douban.com/people/151141639/
"
        ˡֶӡĵӰġѻ̩֡͡ܡǡƽ١Ƽġν4ڡ4ıѾȫûӡˣⲿ׻ӰҲû¶ӡ󣩣ǡѻ֡ϬľɱݽýĲ񻹼¡ƽ١ֶݵˡķ˹ɫĸӢĹ⻷Ϊƽĺ;ѵһֳ˸˰Σ˾ͬˮ֮Уȷλáȷ¡֮˵һֱӫϸӡֶ̫һΪΪôӢ£ھϣʵ˲١ֻһͨˣճֵΣУΪ˶ҪƽӢۡӰǳдʵֱӰϷ⡢;ƽ̨ҵճԾϸŵ̬չڹǰ˵ƬרźľʴһԼ;ƽֵ̨ǵӰûƳʹ޵3D汾2DӫĹâ֮У;ŭ൱𺳡ӰƬİܱҲھƽӹϾѾͻģʽĵӰȻ˻ô£󲿷ֵĹڶƵľ鶼Щ뵡ɡϾڵӰǰ벿֣󲿷ֹڣңһŽɫЩ޹ؽҪ̨ʣһ߲ͷصȴٵһ̣ЦǲӰƬݸǵںţͶһ룬һ/䰮򣬴𡱡
      ",还行,遠,有用 0,没用 1,https://movie.douban.com/review/8189907/,平凡却又不平凡的“马克·沃尔伯格”,https://www.douban.com/people/120872256/
,推荐,大海,有用 0,没用 0,https://movie.douban.com/review/8189092/,灾难来临时的人性善与恶,https://www.douban.com/people/139444272/
,推荐,小太阳,有用 0,没用 0,https://movie.douban.com/review/8188449/,《深海浩劫》：天灾、人祸无常，且行且珍惜,https://www.douban.com/people/4603150/
,力荐,江北烟雨人,有用 0,没用 0,https://movie.douban.com/review/8188063/,深海浩劫：灾难启示录,https://www.douban.com/people/Barosas/
"
        һʵĹ£һȺʵף򵥶ʵӿͷ֣ڽţϸ룬Ҳһ򵥵Ĺ£ûĹ磬ֻһȺͨʯ͹ˡҲǵľͨˣⲿӰֻܽȥһĶǡҲҪȥȡѵ˽ⲻͬҵļ˵ӰָܹйǺõģܿӰƬĶǸá
      ",推荐,啰嗦的影人,有用 0,没用 0,https://movie.douban.com/review/8188268/,真实，不可替代。,https://www.douban.com/people/149626028/
,还行,空心菜,有用 0,没用 0,https://movie.douban.com/review/8187319/,灾难观后的启示,https://www.douban.com/people/154110070/
,力荐,瓦尔登湖的海水,有用 0,没用 0,https://movie.douban.com/review/8186413/,责任感,https://www.douban.com/people/152377073/
"
        Dˢƽ١ҶD˵ⶼڶˡͬpointϿ޵ϡﻩʵȷˡֱӵDҼ·ҵˮʪˡDϿûžõֱ̫ӡͬһοƬһںܶڵ㴦ʲѲָõˮҪںŷһƪΪĵġҶԱ༭С˵ҰӰɡСж˵ֵöˢ˵ƬӲа˵дƪؾ͸ӰСв˵СƪӰĿȡӰƬҲȷǼ׻˵һ仰Soһƪؾ͸Ӱ~~~~~~~~~~~~~~~˴ȻΪԤůķָ~~~~~~~~~~~~~~~~~Ƭıʵ¼һʯ͹ʷصΪʱϵͼᶨ־ѲԾȵĹ¡ӰƬͷʻҵĵһоǷͥĳֳءһΪΪķͥûг֡һƺԤʾ˼һ⣺ĸڳ˴˷ݱǰСճ˿۾ʱ顣Լڴɱеķ޼Կգ۵СϷǡôչλܡΪԼӵһϵзӦ˺ܺõ̵档ǰʱӰƬҪķʡһؿſɰŮΪѧУݽ˳׼Цݡ1ŮƪʵݽΪӢʯ͹˾ࡰˡԤˡĶۡ2ŮΪͬͬѧΪҫʯСǡӦյĿݻʯ3ֵͨʵݽ˵ʵԡǡǡǰʱ㷢ˡӿѹ¿ƿڵǽʧЧӶӿγЩСϸڵǰӦҶˢʱԵĿԺвԾЩ˲䶼޴ᡣˮƽ꾮ƽ̨֮ǰҪһŮˡסУҲԤװʾ˵ĳѾתԤ1ڼʱ߶š׬Ǯ׬Ǯ͡ȴͻȻ˵ͱ֮ĻڵõӵĳЦ¡Ľᵽϴη̵ķɻ¼ǡɶӦٴγʱķɻײ¼Ԥ2ڽҺ˹˾߹Ϻɫʾƽ̨ߵȼΣԤʱø߹ڼ׵ŹԴЦԼһЦĳ濴ʱľʧʵڷǳԤ3еүһӰԺ￴Ӱ΢ҲСۡʧܺͻȻĺ¡ӰƬ꾮ƽ̨ըʱٴ뵽һ顣밲ү۹ᴩǰк㡣ǰڷ꾮ƽ̨ĺУ꾮ƽ̨ƽǰ꾮ƽ̨ҪԾȺλִˮƽ·ɻӰƬ׳˴¹ʵʼٸߺԴͷӰԺЩӰ߿ʼϸϸĵ϶ΪûмԲųġͨ׶ԹǰȫļȸضԱɫĺҲ˼жޡвΪĿĲֶεļ̡ͬʱڼ׵ڴ˴Ҷ̸ȡ˸ѹԡαΪȫ꾮ƽ̨ߡԲµκжδӦƣУ͹·ͨжȥֲھθСԱݼǵλġҪжڴ沿鼰дݳⲿӰɺܵ͵ĸӢ塣ͨжɼж1˺߳صĵֽȳھǰ˽䰲ȫ롣ж2Լ˵ɷŶϾĻٴηشѾȼסж3һͬºϲָ·ж4˺ͼȺͬʱ߶ʮһʼѰҺԴж5ԼƽʱػΪҶ˴иУʵըʱֻܶӰƬþͷͣտŻ𻨵˲ǶǸӢۡǳɹ˿ȴûлŻж6׼֮˵Ψһһ仰ȥֱ˧ˡж7ڷֱ˼ӦԷڼֱǹ⻷䡣ж8ûж°ѡȷȥԼһ׷ӰͻĴӢ塣ӰƬܿѺŵԱڴ˼¼ӳ̶ȡǲεݽַõ÷ǳǡôӽԱ仯µķܱʼٵٵͼ´ϧľԮʱҲǰܶʱдʵ꾮ƽ̨Ϸǳ֮ЩͬµļǰǷǳѹġ˱ʻʱļȲʡΪĴ˸ԴĵĿ־弰ãԼûǷøΪԼ˻ûл֮˵ķպĽᡣʹӺŮĳǡóů⡣ҲӰƬֵļͥůͥĳӰƬĩβȷҲܳء11⿴ȥһ֡11ͥ˵ȴǻԵĽ֡ΪЩĬӰƬصҺD˵ź˾ȻûҶD˵Ϊʵ¼Ľ֡޷дʱôΡκӦñغͰϧûʲô֮ϡIN THE END..ϣÿ˶һơԶƽ١
      ",力荐,Wild_Amuck,有用 1,没用 0,https://movie.douban.com/review/8186409/,“一切他们说不会发生的都发生了”,https://www.douban.com/people/67775164/
"
        ûпԤƬֱӾͽӰԺĵӰͷʱΪʲôޣ֮ȴһʵ¼ıĵӰȻƽǹӰ̣ȴһӱơӰƬпȻӢʯ͹˾˵ĴΨͼǼǣ룬ʵЩ룬ϾӰƬĵģšǣ˶ԼɣǲܷϣһΪ¹ʡÿ˴ڵǵˣǵļͥ󣬾˼ǹԼߵжԶǸǣǵˣǲݽߵĶ֪еŬ壬Ǿͻɾʮ㣬ܵٶίӰƬڱּͥ棬ǷǳʽʽļͥʽӰƬʱҾ룬Ϊʲô֪᷸صĴأ ̵ʱ鶼õĻȫϵȻߣǣȴţù˲һᷢԼϣšĽеÿһ棬Ǵ»С£ĸ׳ˣܻţûϵʱ仹ʱĻ³ˣܻţһˣĺأǰΪôףҿ϶᷸Ĵ󣬿Ǻҷˣ˭ѵľǳ֮Ժʵ飬ǰ˵˵ӦôʵϣʵԣܶǣʵʣǣûԭģܶʱǶҪȨסǣгɹӣӦöǶ˵һִŲŶԵġˣ²ģС¿ԱͨɡƼָʺȺ
      ",还行,mijin.x,有用 0,没用 0,https://movie.douban.com/review/8186294/,别人的主旋律——《深海浩劫》,https://www.douban.com/people/2635787/
"
        ֣7-=Ⱦ͸Ԥ=-̸Ч˵òĳս֪ЧϿ϶أ۾ˬģ¹ʳӾϵΩΩФģټ4DXİĦΡҪ4DX̫ϣһĴУвرǿҡ侳Ļˡ4DXֻҡӫĻ͵ƹЧûֵĸ飬Ӱ˴ɷģûĿһΡ̸飬ǰڷʣڸ߳ڴᵯνӲرã̫ͻȻҿܸƫԵ׷¸ıʵԭй©¼һζʱѹեʣͶΣСҲǺܱӰûȫ̬غ͵˸ӵ顣˸о˵òھİϿܻǷ̸룬һ;ͷӵΣ壬ҿƬаԼɽɫϰߡͷϴʱըһ±ƣŲĺδʹ侲ָҰȫ룬ʽ͡ҷ緶Ӣ۱ɫξǹʱңΪ˽ȣ˿ɡһֱӳԼҲ۸ֵ֣ͣ뵱ȻǺһٶķˡ󡱵Ĵмǣ̤ʵأʵǣҪģȫһȫһȫһҪ˵Ρ
      ",还行,兔子泽,有用 0,没用 0,https://movie.douban.com/review/8186133/,深海浩劫万达4DX观影报告,https://www.douban.com/people/jessehao7/
"
        Ӱȡʵġī©¼ӰƬһʼѾԤʾҪʲôСչʾԴȤСĿɰͥ˻֣Ȼ΢ԭ֮ʵѵĲпᡣûвڣ㹻ʤͥů꾮ƽ̨ĹϸڡԱ֮Ц֡Ͷʷ̰տĲĶϷǰͦʯ͹ߡǰÿСĿЩνһ𹹳Ӱǰİʾν̵࣬ûܷõĿֹޡϺɫֱɻײϷһжԤʾеĲ˳ʯ͹˾߹ܵĶϷϸ¾ʣѹȫȫĳȣ߹ܵƱ硢ơ̰ӰڼֵĶԻжڵдչָڡӰƬʵĻԭֳκǶָҵ˽ѯʱһ֪̿ȥԼСӣ߶money,money""ĵȡ֣淴ӦϹԱ״̬ûӢ塢ûо춯صļܣǰ˵Ĵչ¶ţÿ˾ְﻥһε֣ҲʾԵΰһ棬룬ԵôʵӰƬɵֱɻһʼһֱһ̾вĳ֣ӰģܾȱʲôֻԱ꾮ƽ̨ıըûκζԴ˴¹ѵдΪƬһܱʡ
      ",推荐,feng,有用 0,没用 0,https://movie.douban.com/review/8186128/,是谁释放了怪兽？,https://www.douban.com/people/138999458/
,还行,Ching_Li,有用 0,没用 0,https://movie.douban.com/review/8186042/,小影评,https://www.douban.com/people/136335853/
,推荐,ichbinJessie,有用 0,没用 0,https://movie.douban.com/review/8185732/,震撼的美国主旋律电影,https://www.douban.com/people/147490656/
,推荐,梦清醒,有用 0,没用 0,https://movie.douban.com/review/8185455/,请不要为这场灾难的还原影片喝彩,https://www.douban.com/people/93926434/
,力荐,小小明看电影,有用 0,没用 0,https://movie.douban.com/review/8185155/,悲剧，就是将美好的事物彻底撕裂,https://www.douban.com/people/152448612/
,推荐,山阴路的夏天,有用 0,没用 0,https://movie.douban.com/review/8184986/,年度惊喜,https://www.douban.com/people/152477763/
"
        רˮƽߵĵӰ¶my companyʲôĽɫĳ˲֪ѣޱȳصؿӰط·ε桭ʵҲ֪׷뾮ǷΪ˹̾⾮ӰƬзҶ˵Ͽɣȷʵ¸ҸֳǵΣΣѹͷԵҲȽʵ......if you have ever worked offshore or you have friends who work offshore,you definitely need to buy the ticket and watch it.you should know they are not making the easy money.ֺ
      ",力荐,Alfred,有用 1,没用 0,https://movie.douban.com/review/8185130/,石油人看深水地平线,https://www.douban.com/people/51509659/
"
        տӰ˵˵ܣ㣺𺳣̣ܽҪӢۡҿӰϲ棬ⲿӰĺѾﵽԤڣкܶೡǿˡ꾮ƽ̨αըÿαը֮ǰСˡǿ񱩵ıըٵʱֻܱģӿ˵ǱνŶԣǺܡⲿӰҵһǿҸܣоȫԵһƬΪһʦ֮ͨԸܾǹʵʩҪ̣͵ӦͻǱˡʯй¶ɵԭӢʯ͹˾Ϊ˸ϽӯԼٱҪĲԣӰƬнܵİտҪжεѹԺˮེԡһֻǮȱ۵쵼ȷΪʡʱʡȥ125000ԪĲԷһζԾҪˡ˵쵼ôΪרҵԱһԼΪ꾮רҵԱĲغְȻʵȴ΢ѹǷ˾ļϹ¾ͷ˼֣ùҹ˵ûǵô˵Ҳɹûϵôʧʹ࣬˵һСԵΪһһڵĲʱǷѾȷԼְãǷмᶨ̬Ⱥͳθʲô¶ڸλһȷĹΪʯͿӴҲڳΣյḶ́ÿһӦز̣ȷÿһڶʵʩλȫʶǿҡӢʯ͹˾ѵķûЩⳡ硣ӰƬһҾúЦĵط꾮ƽ̨ѾըҶҪϾͧʱһʱֲԾҪɵˣԮ˷һӣ˵ɶĻԴӵȴԮһġоǷֱ̣ӹϵԼʱ֪Ͻ渺𣬵ʱ޳ɲԾͿɵʱ̬ȶȥˣʱû뵽Ͻ渺ҪĴôҾøиҵԴⲿѵӰѧѵܵһܣʵҿӰĳһʱͻȻĸ롣ͧװҪǰ꾮ĵһֱھײƽ̨ܣײĻпܻᵼ˶ӲȥڴϣȻû̫ΪɶѦءѣʱиԱ˵УԤʾܵغѡȻȥƴȫֹͣתĵ˴ҵΣգ̶Ϊ͡ˣΪɵĴը٣죬ֱӱȥҵʱ;绹ҪӢģҪвʱи¸ҵܹͦƾԼǷӢţСȫ硣ȥ֮ǰһҲΣԣʶԼпһȥˡֻ˵ǸӢۣᱻ¸ҵġⲿӰҵĲܣÿöദһЩ롣ԵӰƽ̻ЧҲûʲôԼļ⣬ֻ˵ȫ̿Ķ࣬һĵĵӰ2016ҲⲿӰҲͦá
      ",力荐,韩尔,有用 0,没用 0,https://movie.douban.com/review/8184289/,《深海浩劫》观后感（个人向）,https://www.douban.com/people/140849454/
"
        Ƭ֣һ֣һ˻ͨ˻һɫȻѴ𣬶˹һ̨ͽˡ֮ƨƨߵƨ·֮ģеΪ̹Ȼܣ˵ڶԴ·ѾľӰǵڶ;̺ԭİʹˮһǱർ֮㵽ֹĽѾ㹻ӦͣӰòƺϲ˵;ֻ˵˾ͻÿһƬͷͷ֮˺ƣ˰һǿΣʵ룬оȿĳ㲻̫Ȥ֪Ҫ˷·е˺ơԭҾǲѧϰͷһСʱFlag˺ƣһСʱ̻ʢˡӰЧννŶӵʢ󣬾ǲϵıը𺳵Ĵžǿȫըˡ֪ﱬըֻһѻеڱը֮طᱬըùܣ֮ը֮ţƺıըˣӾ͵ˡȫᷢ־֪˭˭˭оʱﱻȫֻܿӰڷɽбɣеſڵϣըʱǺڻңƷһãȫֲ嶼ʲôˡ۽ʹ俴ȥȫƬ˵ڶ;˽٣ƬеЧܺʵش̼һֲ龰ڻ𺳡ƬйоأĿ̻Ƿȱ뿴ЧһBoom ShakalakaؿһӰ΢ŹںţӰԺɨɨάÿƬɨ
      ",还行,黄昏Holin,有用 0,没用 0,https://movie.douban.com/review/8184276/,学霸撕逼放烟花,https://www.douban.com/people/143512618/
,推荐,半闋長訣,有用 0,没用 0,https://movie.douban.com/review/8184330/,英雄和怪兽,https://www.douban.com/people/114618508/
,推荐,脱落的树皮,有用 0,没用 0,https://movie.douban.com/review/8182978/,漫天纷飞的屎雨……,https://www.douban.com/people/102646788/
"
        ġƽ١һһҲƬ㻹ʹˡĵƬ̫Щ BЧƬ硶籩Х漣ӱĩաĩձΪܶӳûع3DԭƻУȥˣƬĩƬռȾʣ7%ˣգ۾йг˴ˡƽ١ȷʵǲЧƬɸ˵ЩͦһӰƬȡʵ¼2010420·˹ݸҵʯ꾮ƽ̨ը¹1117ˣԱӪ36Сʱ꾮ƽ̨̮뺣£ɴīԭй©¼ƽ١ӢƬDeepwater HorizonˮƽߣǷ¹ʵ꾮ƽ̨רҵMODUǱʽƶ꾮װáάٿϣDeepwater Horizon¹йصĴʮը顢ϡʱߵȡīԭй©¼ǿճ־ã˳87Ĳж÷ռѹҪ5£г5ϡڵȷɳ򣬶й©56٣1991ĺսԻ̬áóײӰ޷һް͵Ĺ¼ģӰνȡأôĿĿ˵20113£֣Summit EntertainmentߴýParticipant MediaǻˡŦԼʱظ塶ˮƽߵʱ̡ĵӰıȨƪ¿2010ʥڣдλDavid BarstowDavid RohdeStephanie Saul߽ûйӰĸ˵ƽ١һ鹹дIPڡŦԼʱƪƽ١۽ˮƽ߱ը¼¹ʵ죬Ҫ꾮ƽ̨ܷϴͳϷһɡҶƬ֪ΪݻϵͻӢʽ˹ӿ½࣬ŪúЧ͹ˡû뵽ƽ١л¹ʷ֮ǰӰ˺ܴƪ¼ƬгֵĹ˾ȫʵգûж׫رܡ鹹ĵӰһڽ׹⣬԰һҵ硶۽ֽ֪ϵĵ鱨ôģͷܽ״δΣĳ򣬡ƽ١Ҳ˼·;λī׶̽Լ48ӢӢʯ͹˾Ҳǹ˵ǲʯ͵BP2008⿪һΪ10ꡣ֪BPֳͿҵ2015ףù˾Ա8ˣǳ70ҡԼάƬаݵDonald VidrineBPפ꾮ƽ̨ϵĴˮƽڷ̽豸˾Transoceanȫ꾮а̡200910£BPӶƽ̨Ŷӵ׶̽ʼ꾮ҵԭõMarianas̨𣬵20102²滻ˮƽ߼ӰҪì˫BPˮƽԱ˵ʳͻǽ׼ˣʵǼ׷ҷĹϵˮƽ3.5ԪÿҵԼΪ50ԪάƬзǿ꾮ҵѾ43죬ζBPƽ̨޷ѾҪ໨2150Ԫ˲ָ쳣ĸϹ¹ʵҪԭ򡣡ƽ١ﶼˮƽߵĹԱһϸڣǶŷLOGOĹװءݵƽ̨ˣOIMװþˡֶǵʦ аȫԱ̨ҵˡӰиϸڣֶһֱɵˮƽϰ࣬պһӴɫװ뿪˹ױлSchlumbergerĹԱȫʯͷ̣ڵز㼼򱣳ȡʵ꾮УBPȷҹ˾м⣬ʱȡ¹ʷǰ죬ǵӰĵ졣ƽ١˲ٱīͺʯҵļڣ·ǰеι̾ѹԡǴӸпʼû֣ƫƫѧƣͲˣ֪רҵʿ⣬ȤѿΪʲôһҵƬҪô¼أͨ˵ʯͿһǳİҵרҵԡֺǿ־ҪȿƻƬĺ켼ءԣӰ˴ϸԭʱĳΪľǿСһʹӰԶĹ¼ʵҲõĴ̬뷽ȻҲҪ׷ʵھ·زԶChalmetteһ꾮ƽ̨ˮƽԭòҲʷĵӰ岼ߡӰϲֳӰͻ¼ļʵСƬνաϵеLorenzo di Bonaventuraֶά棬Ҳ˲롶νաǼԺƬЧЧŶӡˣը洦ķǳгͻ¹ʶ˵ľ޴˺ըϸڷḻҲΪ˻ԭʱ龰ƽ١ǲڴ϶ͦĵҵƬҲ˷鹹ĵԡӰڱӳýΪ÷Ѻʴﵽ84%ȡҪߣġֶֻ45%ҵĽǶƽ١ȴһɹİӰ׷鹹ĵԣһԪأ⽫һӰadult-skewing films뱨ߡһƪĩȥƽ١Ĺڣ67%35ϣӰгữ治йɫһƬ˵Ǹݡֵۡ칫ڻϣƬݱ˵áȷʵûء˹ȡִġͬıʵ¼ȡƽ١ӳۼƱѳ1.2Ԫƽ١930ӳĿǰӳܣӰгҪйƱճ6000Ԫƽ١һ⣬ûܿƺԤ㣬ƬͶɱߴ1.56ԪģѾӽƬ첩ʿ1.65ڣӳܣĿǰȫƱѳ5ڡܡƽ١ܵ·˹ݵŻߣͶʷʨӰҵյ3800Ԫ˰ӰƬľɱǽӽ1.2Ԫҵһ۵㣬ַ鹹ĸıĵӰ޷ǵгԤòҪ6000ԪԽרӷ鹹ĵķ˹Ϊǰġմɱ5500򣬡ҡ3500ȥġ֮š4000ġ6000ǰᵽġ۽͡ͷ٣ֱ20002800򡣵ȻʨźͶԡƽ١гλȻЧƬƫѡǾ㤣鹹ĵľƬᵽԪأд˽ⲿӰĽֺǿѹȸУͻȻĿ֡ײֱķ񣬶ŵĳַ϶ּĿءһ˻Լ80ľ䡣˵ȥ͡׵ŵġ˶ˡġΡƽ١ǡΡƬ汾ʱ׷µԴʧݱιޡ¼ķ鹹飬ƽ١Ҳ⣬ˮƽߵĹԱĵӰΪ߼ɲҲ¹Ҵֶ֧֣ݵĹʦMike WilliamsԼסŷݵ̨Caleb HollowayϿƬĴ̬ȣΪṩָһҴ߳ڶý͵ӰĲͨڳķʽļ׼һԼӽǵļ¼Ƭԭࡣƽ١ƬβӰϽ˼λҪĺһг11λߵ֣ǰļͥ¼񣬴ǺͰ¡һʱ򣬹ȫƬĿĵط˵·鹹йǰ¼ķ鹹дԭԴڹڼҴýȱỨѽϳʱעĳһ¼е顢ɷáȡ֤ظʽ꣬Щ࿯Ҳ˲еĻЧ⿯ģʽƸ׫ѡ⣬ʱЧֻɷھȡ꣬˷鹹йȶȣҲӰĿ顣һƵĸɱ˰׮ʮΪй桶ɱ˻䡷ʵƺѾ˺üˣһѾȥġ³2682š¼ԴΪĵķ鹹ƷһС̫ƽɱһС̫ƽɱҾͺǺı˵ӰıȨ˷ֻᣬƺ鹹IPʱĵΪ˼Ź۽ǰŹߣ϶йӰ滷⣬һǶԴ˱ֹ֡ۡɡ²Ļûʲô鵤ҩ鹹ǣ鹹Ҳǡ㡭׷΢ŹںŸﲿIDhighgossipðͬѧɹעתϵ΢pigyeah
      ",推荐,皮革业,有用 4,没用 1,https://movie.douban.com/review/8184258/,世上没有灵丹妙药，虚构不是，非虚构也不是,https://www.douban.com/people/pigeye/
"
        Ƭıʵ¼һʯ͹ʷصΪʱϵͼᶨ־ѲԾȵĹ¡ļ飬ڿӰƽ٣飬Ƭӣ֣᲻ΪʲôƻãХ֣ޣȡԴ2010īʯ©¼һµȡ뵱Щӳ˻һ㲻һɡ
      ",推荐,萧潇mhdea,有用 0,没用 0,https://movie.douban.com/review/8183049/,深海浩劫是deepwater horizon最佳译名吗？,https://www.douban.com/people/mypixy/
,还行,墨,有用 0,没用 0,https://movie.douban.com/review/8182933/,有些无聊却打动内心,https://www.douban.com/people/154000314/
"
        ²ƬӵĽdeepwater horizon ƽ١ӡʺƽ١ĩպƽ١Сʯƽ١ʲôĩƬͳͳһƽ١¡imax 2dȻ2dЧķǳĺáˮͷЧ÷ǳã˴ֲΣաѹֱֵ۸ܡǰڵ˴ıīʯ͹˵ļͥǴϴʵУʹǲġߡ֡ͬҲд˿Ǿԭʯ͹˾뿱̽ӵִӢʯͣΰ󣬹Ǽᶨظվͬһϡڱը֮·ȱһǴ棬ȴƽֱûдı㡣׷ʵǿԽܵģʱʵڡô¸ı࣬˵׻һҵӰЩԲЧһϵС
      ",还行,池筑,有用 0,没用 0,https://movie.douban.com/review/8182842/,情节对不起特效系列,https://www.douban.com/people/153914482/
"
        ٱȽϷ(ޣ)¼Ƭһǹںºŵĳ¼һⲿīԭй©¼ıĵӰһ޵ú......Ӱʼǰʵҿе£Ϊ漰רҵʻ㣬ʲôˮ⾮ʲôˣʲôѹ...Ҳ˺¼Ľֻǡ˭˭Ϊһ˸......Ϊ֪Ƭһֱʲôʱʯͻ磬ӰӪĻҲܺãְʾⳡѵһҾ;ԼڿֲƬĵʲôʱءһˡԭ羮һ˲䣬Ҿ֪ΪʲôûаⲿӰĳ3DЧˡΪҪּѹӿĸоԭеĺظУѾ㹻ӾԼ𺳣һɳ죬һɳ......ǻûнڴԭй©Լӿ𻵣µ꾮ƽ̨ϸִڵһһ֣ţڻûüضϹܵԭ͵ļӿ£ԭּȼӴȻ󣬱Ǵ  ը߱ûһⱬըһһ޼ɵ......Һãûг־ͧĹѪ󣬴󲿷ֵĹԱӳ𳡣ǸΪ͹ǹ⻷趨ûüϾͧȻ¸һŮԱһ𺣣Ӣ...¹ʷԭǡ̸ΪʧЩνУǰľǹƨɣʱ43죬֢ûҳô죿ɣΨͼ޴֪ȴװ11ʱ˵ЩΪʲôĲǣAnywayⲿ2DƬҿģȴӾЧȡʤġƬȷһƴ磬ٻеһ~~(*^__^*)
      ",推荐,M B U,有用 0,没用 0,https://movie.douban.com/review/8181548/,谁说灾难片一定要是2D的？,https://www.douban.com/people/145439974/
"
        Ӱʤ̨ʵƴ󡣹¾ͼǵһ죬뿪ҵ꾮ƽ̨ѱ¼ԸڿĲǸϵĺ󣬶ϸϵʵͳϵĺ󡣶7.2ķѴϣϲƬϲĳôⲿƬһݴ㽫·ӵﴩȻߵ˵氮ء˵ع£ǰڵѱǰ̳»Ǻܵλģѷ֮󣬾ͽīȫתԱβΣлǴչʾĹҪû뵽ɹҲͽˡϵȷʵûи̵̫ӡұ»ܳһЩⳡֱΪࣨʲôӰģǱǸûС˶ѡʵ̫٣˾ýһʵ¼ѡ㲻ܲ˵һź
      ",力荐,黄卷青灯,有用 0,没用 0,https://movie.douban.com/review/8181346/,一部劲爆生猛的商业灾难片,https://www.douban.com/people/wssyysh/
,推荐,陳嘉_Tidus,有用 0,没用 0,https://movie.douban.com/review/8180451/,引人深思的災難電影,https://www.douban.com/people/146199356/
,还行,不二臣,有用 0,没用 0,https://movie.douban.com/review/8179787/,看完后心慌的一部电影,https://www.douban.com/people/143511732/
"
        ǻʵ¼ĸı࣬ԾŵйоءһƬǰ̵Ƚϳ;˵һЩճΧǷһĸϹ׷Чʵʯ͹˾߹ܺȫĹ̼Ա˫Ӱӳʮ֮󣬿ʼֱѵĸ֣߳ཬƣŰ൱𺳣ҲúѹⳡУ˺Ĳֻǹǣ̬Ҳ⵽ƻֱֻײĺŸһӰʵȫߵЧʣκ֮Ŀǳ
      ",推荐,haoziwish,有用 0,没用 0,https://movie.douban.com/review/8179528/,不错的纪实灾难片,https://www.douban.com/people/50258787/
"
        ƽ١ӳˣǲ׼Ʊģǿ˵ķϣȥˣȴıһѣδƽ١ĺʱȷȷʵʵǱƭˣΪǺ׵ȻǰչʾӢı׻ӰֱӰһȻʽڿѾõ֮²۵׼ڵӰ40ӣұصĸһ⣬ҪǵĲǾԮӢۣǺƽ١ĺƽ١ĵĺƽ١ĺƽ١Ƭīԭй©¹ʸı࣬ȻڹӰǰҾȻû㹦ξóȻǰǾöӰƬĴ󲻾𺳵ıըֳݵľҲǱƬһ㣬ҶݵƬβʵ¼ʵʵʷ¼һ𾪡ܾûһƬӻҷĵıᣬ֮ǰġBֶгս¡Ȼһʲô֮ᡣⲿƽ١侳ĸܵڴ漯ǰȺⶼʱˣⲻżȻһֱȻÿεıȴһĲҵĻӦΪЧźˡƬβȵִڼװϼߵȴҲͬʱǶεĸοģس˨BֶԴӽһֱӲʾˣبBɿƵΣƵϷ·ΪͻԼݼ۵ûߵġ̩2䳤ҵӫĻżǺѱжءҺⲿƽ١˵ݼַߣûпȥһӲһӢۣһͨͨѪ⡢ʵʵĻ־塢ʧʹˡԼάǾԵĺϷǣĵطԶȱٱԵݼƬУBPʯ͹˾ĸ߹ܣȻ;ûרҵ˽⣬ȷǸ߲ŲִߣһƱ硢ĺڡƵĺ˾֮ǡԼݵĸ߹ܴǰ٩٩̸ָֻţѱһﲻʬ˿˿۵ıݣǷǳʵĵģҪΪԼޡ˰ݵӪȺͻػʱһλ׾סŭʡûмҶӡΪʲôǻˣҵĶأһ˲䣬˵Ŀ־塢¡ű˲ʱ򾲺͵ǼĲֻоѵ˲֪Լʧȥʲôѵ״ʲôʲôԼΪģǻšʡֵ Im here!ǺԵġΪ۵ġ顱ȫƬûӢۡûӮҡûжԴûгɹֻнٺӰͲ͸֮ź
      ",力荐,喵姐电影趴,有用 0,没用 0,https://movie.douban.com/review/8179152/,没有老旧的美式个人英雄，只有血肉模糊的人性洗礼。,https://www.douban.com/people/153931394/
"
        20161116̫棺׼ҵˮͲ෴ͻͺװޡ7֣ȱôһȣ޽ӽ8ֵ֡ùۿƬܶӳ˵һǶйгûɶҰĵƬӣǰлǣƱҲ2±Qһˡˮ׼Щ˷ѡƬƲһӾˣѾ10000ϣټĺ񣬿ǳսαƬҲѹûƱǣڴֲڵı֮£һŻں˾ôˡƬĵݿ죬ȴһҵƬСгɾ͵ˡǰġսҲͦˣ¶ߡЩȵģҲ֪ƱôˡͬΪҵƬıƬ˵൱Ƭǻʵ¼ıģǶڲƽ̨ô£˵ŵ˿϶٣Ҳ˵Ҫȱһı֪ʶܿƬзɶ¡Ƭһ𰸣̲סˡûóĻߴζ֮෴ķʽСŮı˵̨ʣʵڲҪӲҲ̣ڲ֪֮ͰѹװˡϺƵĲĽ࣬Ƭӷɶ£˿궼˵ţһҵƬü־ûˡ֮ǰ̵û̫߳ʵЦ㣬мķչ׶ξͿʼ൱ȫǸ߳ӾЧ⣬ҹƱƬԤٲˡʤڵû롰Ч࣬˾ɵ壬ڻЧУΪ·ʽһһСЧùھһһԼŬĶǵתɵ棨˵ľ㣬ҵƬͿԳΪˡȻȱҲԵġ԰ףûת䣬һαѵľŶΣȥĴ壩ҲҴҶⷽϵ㣬ڼŶб仵˱һѡ֮ŶΣƬ;ȣԳ8ˡϾʵ¼ΪôĵĻҲҲһԣ˸7֣ȥɣƺܿûųˡƪ»ȤͬѧԹעҵ΢Ŷĺšһ΢šһ2016һӰߣڸҵԭС˵Ʒ¡
      ",推荐,EthanMonk,有用 0,没用 0,https://movie.douban.com/review/8178800/,商业片的标准模板,https://www.douban.com/people/EthanMonk/
"
        Ƭıʵ¼һʯ͹ʷصΪʱϵͼᶨ־ѲԾȵĹ¡밶40Ӣ⣬īϴ綥ĺ꾮ƽ̨ˮƽߡƽ̨ˡķ˹ˡֶݣԼŶӼһƼ¼ȵ꾮ҵͻѹȺѹ嵼½ȫϵͳʧ飬漴ըԭͳƾӿγʮ׸ߵ֮ԭ к꾮ƽ̨ĺƽ涼Ũ̺ܴΧ˼126꾮˱С̫󣬺ϾԮ޷˴켸¸ҵͬ飬չԾжѾߡų룬صһ̡꾮ƽ̨û˺ͬˮ֮ӳ졣
      ",力荐,爱吃李猫猫的鱼,有用 0,没用 0,https://movie.douban.com/review/8177949/,深海浩劫,https://www.douban.com/people/153866289/
"
        һβμ˹ӰţܹڼλӰǣѧ·꣩ۿӰƽ١Ӱıʵ¼ǰǳīʷصĺ̬ƽ١ʵ¼2010420գӢʯ͹˾BP޵ġˮƽߡ꾮ƽ̨īˮģըû319Ͱԭͳй©87졣ϸ9900ƽϡ¹ʹīذ8300ɵ̬Ȧ֣֮ҵҵҲ亦Ӱвûж̬Ȧ֮ܵĹע꾮ƽ̨ϵˡݱ˵á̹㡶ƽ١ĳԣʵ126ʯ͹2010420ٵƽ٣11ȥõӦеĹעء˸оƬͬⲿӰ˴󲿷ֵƪ緢ǰ̵棬û2012졷һЩ𡢻ɽֵһͿʼѣȻдôΪƽⳡѵĲΪأΪӢʯ͹˾û꾮ĸѹԣɷ˾¼꾮ƽ̨ĴըڹۿӰĹУ1Сʱ꾮ƽ̨ϵĹЩͷһֱʲôԺᷢⲻ֪ѷ֮󣬲Ե֮ǰĹǶôҪڹѣֻ˾ӵİȫ⡣ӰЧʾ˾ı棬ƬеѳмǿĳپУڷ·꾮һͬ𺣣ʱܱ籡ĻûӰƬĺμһһξͱըú޴Ϣ֮ƲݽȴûбϵĲͬЧѵַը֮±Щľ˱ҪбԵûеӰͷ׶ϸ壬ʵҾõİŸʵϾĹؼʱ̣ÿһÿһ붼ǷǳУиеıؼġ˵ӰûʲôӢⲻ̫Ӱϰߣ죬ʵԺͿŶһŵ㡣ûйɿĵӰУƽƽĹǵʵڵӰӢʱ˾ԱйʧɱǶ11ȥһǶⳡѴ򻷾ΣֻÿһۿӰĹˡλӰǣѧ·꣩ҺܽĵӰԺ˹ӰŵĻϱˡλӰѧ·ʥ˺Ź5㣬ӰǷӳЧãЧ棬һĻĩʱܶ˶Ӱ
      ",推荐,天行者aiken,有用 0,没用 0,https://movie.douban.com/review/8177051/,深海浩劫，安生生产的重要性！,https://www.douban.com/people/52792351/
"
        ˵ⲿӰӾϵ𺳳̶ȳ첩ʿӦʵоǼǰҶЩ֪(Ҳǹ˰)ظпһ£йѶ֮ը(ԶԶûо)˻ıӰӣ֮ƿˡھĸпʵûüſµˣʮۣ˵ÿ̱һЩǡװԼǹ֪ʶӡʵҹӰﲻֹһλطػǾ䡰ȥ汿ȥѡ е֡ƾֻҲƺӦ뵽˼ġ˵ֶгս¡սȤǴ̨ˣƬһ߾ḻĹˣ಻ʶ֣͡ǿǺܸӵ⡱ʱҵĹͻԼյɶǡǡӳΪϣδܵѡͳɡ
      ",推荐,麦田里昔日玫瑰,有用 0,没用 0,https://movie.douban.com/review/8176361/,不会写标题，为什么短评上限字数不能再多些,https://www.douban.com/people/hy_Portia/
,还行,洛伦佐,有用 2,没用 2,https://movie.douban.com/review/8176239/,深海浩劫不够浩啊！,https://www.douban.com/people/aa121212/
,还行,罗毅祥,有用 0,没用 0,https://movie.douban.com/review/8176119/,电影《深海浩劫》：触目惊心的人祸,https://www.douban.com/people/luoyixiang/
,推荐,finkls,有用 0,没用 0,https://movie.douban.com/review/8175594/,血泪铸就生活，我们的脚下，是累累白骨。,https://www.douban.com/people/151671977/
"
        Ϊʵ¼ıĵӰʵʲôЧƬıԱúܳɹ֪ǲץߣΪ¹ʾģΪﵣģֱջȺͼž۲ŷһŵġԭ꾮ƽ̨ޱ׳ۣҲΪ̼䷢ıըէ࣬ۿѧ෢ܸɣԶȻȻȫƬŸӢգ˵ĵúܿ͹ۣûɿҲûн飬ըÿԼģûаһݱһѰ˷Ԯĸ蹦̵ƬǱӰġβԱƬһӳÿ˶һʻÿ˶Ҹļͥ޶СǣңһԭԱ¹ʾԶظıһСؿѧչһ˶ӦþηȻ˶ʤֻԶͣڿںɡ
      ",推荐,Cat,有用 0,没用 0,https://movie.douban.com/review/8175919/,从来就没有什么人定胜天,https://www.douban.com/people/kitty_cat/
"
        /Omiear׿̸һҵƬ벻·ڣ첻ԽڻϣעĿܺЧϣһϸḻӸ족϶㱣աڵ˵Ӱóĵ·ϣҵַĲƺȱСḶ́ҲʹйоصƷøйоأ¿ɹĥĴ覴֮ΪһȵӰƬƽ١ȻӵߵҵҲ˵ģĿֲ֮ͶĺЧԳⲿƬּ֮ʵ¼ȶȺγɵĴIPʹӰƬ˷һԾΪɹҵӰõ޷˰쳯ڱ޵ġ˷ˡҲ޵ӰгеġһСˮӰƬԣǰ߳ľʵ޷ͶȥɺĳͬӰƬһ¼ԪտıըЧԼ׼뻯ѳ޲һӰıرҪءͿ̻ϣʱеƽӢȻǲȱٵԪأʽĻµļͥĻΪߵĴò˵ݱ˵áһȺ׼ᾫӢڡƷαֲӾ棬Ʒαֲıĩãα¼ƬעʵĻԭսһòʧ顣ȲǸ˴Ƭġƽ١Ҳ´ĥļ¼Ƭ©¼ʼͽĸ߶ȻԭʹӰƬӵ˼ߵĿŶȣ伫Ϊ¼·ΪԲĴ洢ϢӸ߳ҵֶΣ͸ģʽӰƬӱüΪɾնµԺ仯ȥڴʯҵĵӰı£ƽ̵һڴıӰ˵ǰߺʹùȫӰƬŵʱߣò˵ǣʵ¼Ÿ߶ȵĻԭƺǱزٵı޿Ρ֮ܶԭ¼ġƽ١ɹȫǽڳַͱַʽϣȻǲǿıЧʽɲ˹ڵϿɡ֣7.0δֹתأ뽻עںţmovieyingdian
      ",推荐,Omiear,有用 0,没用 0,https://movie.douban.com/review/8175871/,《深海浩劫》：美式主流文化下的环境灾难,https://www.douban.com/people/148201204/
"
        ⲿӰ˵Ǹʵ¼ı࣬ըر𺳡һȾô¹һ200˶ˡ֪¹ʲ11ˡҵʱˣΪҾ̾˵һʱ䷢źţԮԱһʱ˵ǸһҴ󴬡ȻǶԱ˵ġҲŶ˺ͺ˻Աǹɨ䡣Ȼ۶ԱǲģǵԾȺļʱǳɹԮĵ䷶뵽ǰ춼ûɹȵǸҾ͸еʹġҲ¾浱ʱˤˣԲ̽ⲻ
      ",推荐,何金银,有用 0,没用 0,https://movie.douban.com/review/8176040/,只死11人的大事故,https://www.douban.com/people/gubutong/
,推荐,香烟,有用 0,没用 0,https://movie.douban.com/review/8174473/,灾难惊悚，隐报瞒报和劫后余伤同样可怕,https://www.douban.com/people/134702987/
"
        [] 2010420աǰӳǰۿӰƬʶйڱ˰ٲҿƬˣˮڰֹ̾סġ[] ͹۽ǶֳĻԭӰȴѵõǿңԵ״̬ıҲʮֱǣΪڣǰհԤ̫ףǴڡٽò˵ΪˣӰƬݹīԭй©¼Ԥȫ̬Ӱϵģ⾹Ӱȫĺˣɱ˵Ȼ̩ɽȾļӰҲںëο̬Ȧ˱δжͿ̿Ҫãӻһ̾ϢѡҴдԼģĲɣֻǶҪУˣ[ŵ] ķտռ䣬ֲ飬ӰЧͻ˸ĵƹ⣬ͻأĹƫɫǵĹصĶԱȣˮµΣˮϵķƽ˾ĶԱȣǰ˽Էڽ̵Ĳһһ־꣬ϵ뾫ϵıƬλƵлܰѳƵлͰݵĳлݵʱͻȻڸ߳Ծ˵ͷԾཬ쾵ͷ׷ǮʱЧԭʹڷչ֮˳¡[ȱ] ŵĴߴٺϸἰļϸڶӰƬչʾǿϲ̵ԣʹڷչȫܹǰԤ֪ʹýṹԼǿڵĳв㣬ϵķչȻζҶи߳㼼ɡǿƬЧļӳ֣ǵ¼ʵ͹ۻԭĲףĲҲͲعҳˡ
      ",推荐,阿訇,有用 0,没用 0,https://movie.douban.com/review/8165174/,电影《深海浩劫》的观感没有分析,https://www.douban.com/people/152205319/
"
        ǰ̩̹˵һֱԺл֮ȥƬone of my favorite Ÿʵ¸ı࣬Ч鶼ˣʼĵ𣬵ǡô̵棬ԼԼִִ̰ңѱʱһɳ졣Чǳ𺳣֪ʶҲ㹻ȻҲЩԭֵͻع飬ͷͽβĺӦһǳɣû׸ҲûвҪɿ顣̶ܴϣƬ˽ѹõƬ飬֮šϧȴףеѣˣͬСԭ
      ",力荐,阿狸,有用 0,没用 0,https://movie.douban.com/review/8150921/,灾难之所以为灾难,https://www.douban.com/people/bettercharlot/
,还行,FoxCAO,有用 6,没用 2,https://movie.douban.com/review/8190230/,BP是背锅侠,https://www.douban.com/people/154174986/
"
        ӰȦ֪һʲô磬һݶϲü翹㣬׷ʲôСʵСȻ֪˿ķƵǻͷζķθѵù̶λŸż̸ʲôģûʵˣǳԲҶˡǵģΪѣֻܸˡҲȥӰԺҡεӰˡ⣬˼ҳΪѵ¼11ˡһ̾˼Ծǿһ뵽Ҫʵ¼ıĻ11ϵ¹ʣ֪ж١ⲻͳ˸70˵ġ
      ",还行,枫中飘琳,有用 0,没用 1,https://movie.douban.com/review/8202608/,真实感真的必须靠镜头晃来体现吗？,https://www.douban.com/people/60252298/
"
        żȻ֮ĺӰƬ٣첩ʿǣƽҲǣȻСͲ˼óˡƽǿ4DϴʵѾȥöˣû뵽18СеԺҲѾ4DӰԺˡָо൱õģΪŵӰͬģи侳ĸоӰ3D۾Чðɡƽٸ첩ʿһһʼʲôҲ֪ΪǿƻƬӣŷƬʵ˵ʼǰ̵ܺев4DΪʵھɵǿҶԱȺìܳͻ˵ǰĽȫбҪģذ´ƬҪľ飬Ƿþ߼©ⲿӰԣӦûʲô©žƽоеأϾ漰ĶʻһܺǧĸоҲΪҵֵ˰ȫΪЩܡرľҶ԰ȫǽ˼ӵһЩ֪Ǹʵ¼ı࣬ͦдģӰƬĽֵһõӰƬĻľĶǣž۵ǻῴķǳģõıֶҲǺ޵ġôٴ4Dĸо൱ģƼȥ4D汾ġ
      ",力荐,行舒小记,有用 1,没用 0,https://movie.douban.com/review/8181810/,4D观影体验,https://www.douban.com/people/150411094/
"
        һ2010ʵĹ¡½һЩ˾ڲ߲㲻ΪϽ̬ʹ˾Ѳɹ˾Ա˲ҵ¶ʯͿ̽˾ڲʧʯͻ̮ըʯй¶һʱ䣬лʩһӹ²潲ʵɷС˶Ե˵ͬ¼ϧǡӵӰ潲ֻһ¼ƬӰƽ棬оڵˡҿСʱʱ߳˵ӰԺҵʱ룬⿴Ŀ֪ǸƬɶʱһʼǾ֪ᷢѣҲͰǵ뷨ˣӿͷ֪βÿһ֪һҪʲôͺըʱһпͦʵġըʱĻлȫԶིһװϵ£ǼװϵԱָоôҵᣬ˧˧ƦƦҪǸоӰƽ棬ڻԭһʵ£ٶ뼤7һԶԶûǰÿֻ׷ȥ֡
      ",还行,hl177125,有用 1,没用 0,https://movie.douban.com/review/8180319/,感觉像个纪录片,https://www.douban.com/people/152849810/
,还行,日月集,有用 0,没用 1,https://movie.douban.com/review/8181420/,当技术派成为决策者,https://www.douban.com/people/149674907/
"
        Ƭû˱ĵøãΪҪϵȥ·ڣû˱ȵϺ롪ƬϣʼѭݡҪءĻԭ򣬹᳹ʵҪ·ҲҪϡĻӡ𡱵ѡӡɽżСޡɥʬؿʹƬνѽ˻·Ϥꡣһεġƽ١Ҳ⣬Ǻȫһ·߾͡ݡҪء⼸㣬Ϊƽ١ⲿԺƬһݡݡԭָϸ90ĩƬǳֶԡ˵ɭĬλ֣֮ǽǵľ쵼·ˣˣĻǰĬ棬ӡա˹ӡ졷2012йڶļƬرǿƻƬǳֱʣֶ෴ļƷ硶վһš籩ԼšдʵԼνԹ˼ͷвĵҲСӣܷ񡱵һ죬ܿϧλڶˡĬǭ¿һƣˡѡ·ΰ㶮ģϱ췹ԡĬͱ˵ɭϣϣǿٵġҪءƬ㷨ԶǣҲнУ˴εġƽ١ԡ֡ޡѷΪںĵʹҪע⣬Ƭ֡֡͡ȽԼ򵥵ġʽҪ31.һḡ졢֮ȱͶˣ2.ѱɳıȱ㣻3.ǿ⻷һ˶ˣǸһ鹷ˣֻҪùշԵͺˡ߽ҪҪģǸҲӵġԱƬΪϸܣ1.һǵļͥ˵һ˵ѵıеûĳһͨûɿɿ顣Ƭһʼһīԭй©ͥ¼ûл棬ȴͶʷ󲿷˸һӦӰԺԱŴˡʵϲûУܿ 񾭴֮͡һˡֶСʹһЦδ֪جоѹȻʲôûзǸʲôҪӡѵΪһһԱҲھšʱѷգŮѽС90ȫ׷񡱵ҪǾܾģΪ㲻ȥȻһЧduangduang˵ڴϺʵϸйû⣬ΪǵĹܾСԼϷϰߣǡо30뵽սǰйġǡҩһӣʮ깦֮ڿľѵ´£мûκͷϸ¹ûʲôġ˳ź󣬻Ҫķʱ˵ŮˣСŮűƬֵ۷壬ΪӺ󿴵ŮʱҪǰûйڣеĻͲҪȿˣ𲻱Ҫľף˺Ů˼ӣÿְʾⲿϷǽ硱Ӵġ硱Ӵ˿¶һҪҲпôǿͺˡı顣źŵķˣЯһ·ˡ;ʯվһͣȻǵݺܡĻİʾʧıԽԽˡǵҲһд̷򡱵ˣȥϷݷָϵÿϲĿءѵڿټ7ʱֱϳģ߶ӡͣ80ĵġΡϡ̫ˣѾûʲôϷýˣԵݾССֱֱɵ;ϣ˳չʾһĺļ;360˸飬ַӺƺû̩У쳯˵ĸɵ̲Χ΢Ӱһ˵;ϣˮûһڣʹ˾鷳ˡ˾İ˭أȥȻԼά棡Ȼ1953ˣñ϶ˣʱսⲿϦ족ӰƬʱһֱΪϵġһ乻񵫿λġӡԱһܱͻ;һװƴԼĵһҲǽˡ2.ִȾ̳£̨ʵôô˻ͶˡڶһȽ϶̣Ҫװ̬Ťƣ˵Ǹռ֪ʶ˵ֱ׵ΪһŪ֮һлȥı¡һϣƬɵıκһƬӶҪɹӰʦô꣬벻һڵӰԺ˯ţȻΪⲿƬӣȻ̫ææ֮гտӰҲǲʵ˵ǼʴԽ̨ʹרҵװ˵İɣǺôǽδ̫տƼֺſĶùھáô˯šƬͲͬˣʲôйѧйʯʹѧʯͿ̽רҵҵģǲڱƱЩʲôģ̨ôģùڲ˯ţλʧ֢ŵѣҪڼˣǮӰԺһƽ١ɣ֤ʮڣɽ硣һҲ뽲ˣά治Եװһ浱ʥĸһӹ֮һȺף߸˸;㵽Ҫ3.ѱԾԣֺĴ棬˼͵㵱ǵĨᡣһ֣ƬҲ൱۴Ƕȡɫʵ͡ѿػЧȾ棬ϳˡȽ˵;ըļ麣ѳƬǿԸ97ġ̩̹˺š06ġšġʵҾЩҪôȥôˣCGЧ㼼ڽģڡٶ˹Ķ٣ϲɽ·绪һᵽģ첩ʿЧȻǡοռ䡷ʱܱȵģ߹ڡ첩ʿһƬӰأЧһ⣭һҪ˵һ˵Ƭƽ١͡ǼʴԽƬӣȫ3Dģ˼ҶûһƬϲƬͱ3DˣҪǮҲô氡˵أӣбҵϥѽƬֵ߳·ˣصһ̵ġϴ̰Сˣо˵Լҵͦ׳ͦпסڱƬ¸ı࣬ľô㵱ޡһ٣ϲȥˣسĸоҲûôǿˡҲΪ£Ҳܸĵ̫ܰ˵̫̫ΰҾѾͦ˵ģ˵ôеӢ۾£Ҳû˾Ƕôô˲˵·ֻҪ¸ıƬֶȥġΡһƬβ˳׷һߡڣΡһεʱûϹοƽ١ƬǳϹˣԱҲܵ΢еƵİɡԱ𣬹ֻԱһ˰ɡҪءڡҪءĽʱ򣬻ѾᵽˣֻѡҪءһЩҪ䡪1.顱һƬġɱȻڡɿ顱棬죬һɿʮ꣬ٻǻ˵·ġƩиͥСŻСҲµһ֧ߣڱҪʱ崿һʡõӰһֱϣ㵼ݿųڽࡣ֧ߣҲԲ˵һЩ飬ƵĽţءЩ޸ɵ£Ǻ·ģڼø绰Ͳһѱһᣬ첻Ӧеصز飬Щ⣬ԽСŶ2.ƸΪƬ¹̨纣Хǻɽ¹ǴرǴ¥ըôɥʬϮֻѧ˵һҪȻġһеһУ³򣬱иѧԭҹӰǲҪɵģйһҪݵģ£ƬһǲɻȱģǾǿѧҡƬȻûϵĿѧңʵ˺ݵΪʯͿ̽רңڼѣȻȷǿҵԤУһЩѧƲ⡣ΪˣǻרҵһΨһĿľװƣԵ㿴ƬúܶԻ޷ʱ벻ҪΪǱƳġ3.ЧһƬ˵Чʹ㣬Ҳһ㡣ں룬ЧӲ4.ԡȻƬȽ׷ЧǹЧǳŲһƬģװĵ㡰ԡ꺮֪ɰأѼ顣ǰͷһ˵ıڲأαһĿȻǺƬһ㲻պӰԵĶŴ󵽼£Ҳƶ̫ǵ㵽Ϊֹôfeelingͺˣ𺳵ĳԲ·Ͼ˼һҪ׻ġһԱ֮ǵƬڡԡϣǡɷнԣ㵽Ϊ̸ֹƶ񡱡ƬġݡҪءҲƪˣڡƽ١Ƭӣֻ˵һsosoƷīԭй©¼ı࣬ԼλҲŨīزʵȾ˵ûг⣬Ǵӹ¸ֺͱַ˵ֻ˵ȫƬںƬķ飬δ˿ͻƣ̫·ҲţҸӰ̫þУôƽ١ԿǣǱҪһ䡱ȥģȰǱȥΪãҪȻϣԽʧԽ󡣵ͽ͸ˣλӰףףҿϧҪ¥²̫Ŷ
      ",还行,徐小样,有用 1,没用 0,https://movie.douban.com/review/8176693/,灾难片，最真诚的好莱坞套路,https://www.douban.com/people/152742475/
"
        ûһ˿ؼۼһӰһ渵ûرĵĳǳʵҲ˵رʵڿӰƼ֮ôһӰǷкſըؼǾ춯صĴ棬ȥţܺãû   ˵ȫӳֳӰ˹Ҳֳ֪θ룿һһٻصϣ¹Ȼ޳ԭң̲סڵĵӰƬԱȣȻ֪֪֮Ȳϣչ黹нռġҲǸողӳʵ¼عжƽ٣ȴЩʧˡڣعжĶǹսֱ񫣬Ҳǣ߶ʵĽǶȲһôȽأƽд֤ǣֻɵѵЩ˸Ӣе˻ɡ11ʻȥвҡͬʱһθܵһȨĹңǹڴСС¹ÿ겻¼ʮʮ˵ʱֻǡС¹ʡý屨󣬾һʽҹҲûжڹעҶӣôȥںأȨɥʧıʶȫĲҾ磡
      ",还行,小编又胡说,有用 1,没用 1,https://movie.douban.com/review/8176120/,真实的一部灾难片,https://www.douban.com/people/141792775/
"
        Ϊһʯ͹ˣҲī幤Ŀʯ͹ˣǴе۹ȥⲿӰƬ ҲǺҵԱҲûȥ꾮ƽֻ̨ȥ˹ױлģƽ̨ι۹һΣЩطҲ۵治ʵȻbpceoһٱʾⲿӰƬֳbp󣬲deepwater horizon̫ʹΪԼ޴˰ĴۡӰƬͼǳĽһЩרҵۣƿúܺãŮ֮ڽ˴±ҵĿƼʾҲը͹ˡӰƬʹ󲿷ƬһduangĺͣԶǴСǿҾˣ˫ҵʯ͹ˣӦûûݹ˾ѵ˵Ȼһ㶼ѵؾҳ²ҪҪհȫֲˣ˵˶ˣƽ̨ϵĲűȽϲңûǺġҵһʼ˾¹ʵȡȫʱ򣬻ΪӰƬΪϷͻ׫ģºϣŷʵӰһãȷʵǵdrilingŶӻ˰ȫֱϵ۵ĳһӰƬĸоǡҲȥƽ̨ˣ
      ",推荐,yuelove,有用 1,没用 1,https://movie.douban.com/review/8223326/,一个石油工人的观影评价,https://www.douban.com/people/2835720/
"
        ڵѵӰƺټ̫ģǹڵЧǲУѵӰصѱеˡֻҹӰʣ98꡶̩̹˺šӦǺܶ˵ƬɣȻɰǧ˴ִװϼٻ£ǵȻжڽܿ˺˿İ飬˿԰ңʣֻиŵĿտԼеòҪΪȼȴƫϸײ꣬һҹĽ࣬Ϊ˶ǧټɢһѾһҹΪʷʫ飬ⲻͨĺѣɵӢڸʮɫͷײ˱ɽ˿ͷһǾ޴Ů΢СһζƵĴӢ۹սʽ΢˵ڹˡѵӰƽ١һκӢˡ̩̹͡˺šһıʵ¼īһӢʯ͹˾꾮ƽ̨ը´ʯй©11ԱڵӰһʯ͹˳ǣ¸ҡ֮͡⣬ڳ޻֮²˰Σ¸ҵѾߡų롣ΰ̶ȡӢ³̶ֻҹơƼ̹֮⡣ͲߺꡣȻеĹӢʱҵģѬġ壬ΪһǮϣ꾮ƽ̨棬ֱ¹ʵסһγΪ֮⣬ԭﶼȱϯƬܰβҲһȷ˺ܱʹйҾڣһжáû˻ȥ룬硶̩̹˺šĽܿû˿һӳȥĹӣĿĲһƶϴ˿Ƿڵľ˵ƽ١ī֣֮һʱͿ̿ݺû˹ġȥ͹ȥˣֻ11ѣʯ͹̫ΰˣ̫ΰˡһ⻷Իۣ˼ĵعӡ
      ",推荐,名川,有用 0,没用 1,https://movie.douban.com/review/8202284/,灾难片的政治正确,https://www.douban.com/people/xmcog/
"
        ƽٺͱֶѡûʧжʱµģ̫ˡһ뵽ʵģЩ꾮ƽ̨ϵ˸еʹЩֻʱҺ޵ī纣ʯй©¼ʱڱֽпǵʱֻǸ̾»⣬ûܣ˽һ¼ԭ򡣿Ϊҵ뵽ÿǿȫʱΪ͵ҲʡǮҲõȸָԭ򣬲涨£ܾԼôùΣաϣⲿӰΥĿPS:ڵըĻܻȥˡ
      ",推荐,Vivian,有用 0,没用 1,https://movie.douban.com/review/8177373/,可以作为安全生产警示片啊,https://www.douban.com/people/2079726/
"
        ְҵѧԺԴI86X65OIX5I39ְҵѧԺ  ԴI86X65OIX5I39ְҵѧԺ  ԴI86X65OIX5I39ְҵѧԺ  ԴI86X65OIX5I39ְҵѧԺ  ԴI86X65OIX5I39ְҵѧԺ  ԴI86X65OIX5I39
      ",推荐,一笑就抽巴,有用 1,没用 4,https://movie.douban.com/review/8174167/,三亚理工职业学院哪里可以打炮嫖娼,https://www.douban.com/people/153696795/
"
        /ʫΪһƬտЧʹƽ١Ӿ޿ޣΪһʵ¼ıʹĽѵȻ̰޶ĿⲿӰＸû֣ƮԼΪ·塣޿ɷϵӰⳡ͸Ϊ𺳵ӾЧѳɫԭǿҲԽץģֻ˵Ⲣһʵ¼ıĹ£ԵøΪɫϧⳡͷβΪֻǱ˶ӢӰɵˡֶгս¡бֶҪɺӢͶʷϴʾܾȻȻ͸ֽʵ·ϷһȫȻΪѵľ۽˵áִġƽ١ֻרע˼һߣȴûжһʷ©¼ɵĺƽܽ뷴˼Ⲣ˵Ӱûǰȥԭ¼ѵ࣬־ֻѵˮıһȴڹνרҵϺķ˴ʱ䣬Ȼܴĳ̶ֳַʹӰһĴУΪһ̫ȻƻĴ˵ʵⲿӰ١ʵ¼ıƷѵģ˵Ϊһȥ͵ȡĵģ壬ʡȥһ̶ϴĿգһһʵ¼ȥ˼룬ȥշڵ˼ǸиԵΪҪⲿƽ١һ翴һġս⣬Уˮ߻·ƾյľʤȴ޴̸ȿԡӰβ˶磬ڴ֮ⳡɸΪµ̬⣬ȴأѼʵĺƽ٣ƽӹΪɱ
      ",较差,梦里诗书,有用 2,没用 6,https://movie.douban.com/review/8173764/,难见真实的浩劫,https://www.douban.com/people/57542378/
"
        ⲿӰ򵥵˵ΪǰڣҪù׽ѵô£Ӱͷÿ־һƿ˦ˬĿֲһӣǱ۶ס޷ųһʱֳӹܵӿһ·Ŵ1500׵꾮ܵжڣ˦Ǿ꾮ƽֱ̨ˣƽ̨Ѿһ£ͷֿŵҪֱЩҲһֻŸϽ׬ǮǶӳΪά޹ǺӢʯ͹˾ĸ˽һۣЭ̺һѹԣѹԳ쳣ûųΪסˣӢʯ͹˾ĸ˾Լѧǿпò˵Σǿҵ˦о¼ȷʵӢʯ͹˾ΣǵӰôǿԵ÷ǳ飬˾ͲѧѧŷǱ߰չ?ӲҪʼ꾮Լɰ֧У˭ҲѲΡڣboomshakalakaܿܵܲסѹԭӿ˷˱ըӰĻеģˡƵ졣ҷ׷׳Ҫֹס磬ǾȴӾҡƵ졣ڲ쳣ըˡʼˡҲµݵͼǣǰһ뻹˺һͿܴΣ֮СӾЧνǷǳ𺳣Ը4+ĵĸоһͰ˭ˡŶΣҲɽһ¶һԣºࡣƬβȥıʹ֮Уȷʵĺ11뿪磬Ƭϵôʻ߰Ϣ-------------------------------------------------------------------------------------------------------------ܽ˵ⲿӰľһӦ÷ȴ˵Ϊѵ11˵Ĺ¡Ҫƭ-------------------------------------------------------------------------------------------------------------ⲿӰӢ꾮ƽ̨֡ôֻ͵Ӱϣƽ٣ƽٻԶԶûпʼغǰԼߴҪǾҰ˵ԼҲͰˡʷصԭй©©ͳ£Լ7.8ԭйī!!һХüٶֵ˵11ˣʲôԼóͷ˸˾ˣⳡԭй©¼Ȼ11˵ļͥ˵˲Ƕ⺣̬ƽعҡľöǳڡԵƻԭй©¼Ծȫʱзǣֳƻʺϼ¼Ƭչ֣ЧץľоԣϣĻβؼһҲãѵʼٸ߲ĳضĹ˾ضˣǶԼĻȡࡣڵӰԺпʲô޳սҪġ
      ",还行,阿咻,有用 4,没用 2,https://movie.douban.com/review/8174814/,这电影真配不上“深海浩劫”四个字，顶多算是个前传。,https://www.douban.com/people/aikimfeo/
,推荐,陳錦莊,有用 0,没用 1,https://movie.douban.com/review/8174872/,《深海浩劫》：不是兜卖灾难，而是警醒人类,https://www.douban.com/people/zhuang19900408/
"
        ⲿӰʵ¼2010īй¼ʵѹ£̫ˣΪ֮ǰԤ棬BGMΧΪ֮ǰƬǧƪһɵӢƬӢ壬֣ҪܶƬ·׼ЧȥӰԺû뵽ұ´ˡӰһʼǷ޶˵ճܸϷýʮǵĸǶôĺãֲõԤУԽõԽ˴ֲѣοڵӰȻѿʼ٣޷ݵʱڵӰԺĸܣǳ𺳣еЧеѳҿƬΪΪ𺳵һΣȫĿɿڴȫֵƱۣһҪȥIMAXоڻСԱݼû˵βһʱ򣬿ôˣĺѹΪźŮ϶ˣΪ֮ǰ̵̫ĸϷԿ϶оĸ飬źŮʱ˳жⲿӰӦΪֹÿһƬ侳Чµĳתǿ˽ʯ͵ĻᣬȫҪġ
      ",力荐,拾影片碎,有用 17,没用 5,https://movie.douban.com/review/8175083/,全程震惊脸观看完,https://www.douban.com/people/79246853/
